bench,seed,name,cost,single,edge,path_improving,path_sampled,greedy_cost,greedy_moves
random_dense,0,DMS,98012.2441223322,0,0,0,819,98012.2441223322,0
random_dense,0,DMS_split,98762.29702080572,0,0,0,759,98762.29702080572,0
random_dense,0,MS_split,106198.2736671085,41,650,737,788,98874.24855603579,42
random_dense,0,split_at_50,98293.26767730057,0,0,0,782,98293.26767730057,0
random_dense,0,split_at_100,98073.29073213799,0,0,0,794,98073.29073213799,0
random_dense,0,split_at_300,98185.25762857607,0,0,0,790,98185.25762857607,0
random_dense,0,split_at_500,98012.2441223322,0,0,0,828,98012.2441223322,0
random_dense,0,split_at_1000,98012.2441223322,0,0,0,760,98012.2441223322,0
random_dense,0,split_at_1500,98012.2441223322,0,0,0,811,98012.2441223322,0
random_dense,0,DMS_at_50,105224.23566420423,31,548,681,838,98281.26203083486,69
random_dense,0,DMS_at_100,98531.28168936116,4,23,3,796,98342.27791822591,6
random_dense,0,DMS_at_300,101934.24393136178,25,388,411,804,98701.26255359894,37
random_dense,0,DMS_at_500,98012.2441223322,0,0,0,813,98012.2441223322,0
random_dense,0,DMS_at_1000,98012.2441223322,0,0,0,786,98012.2441223322,0
random_dense,0,DMS_at_1500,98012.2441223322,0,0,0,828,98012.2441223322,0
random_dense,0,random_start_0,108477.29440256738,47,718,823,823,98308.2569992662,74
random_dense,0,random_start_1,107569.25583611819,41,691,751,763,98774.27829085362,57
random_dense,0,random_start_2,109806.29200837112,45,707,748,751,99799.26969773954,49
random_dense,0,random_start_3,108622.29558295086,45,704,793,796,99146.28346093238,72
random_dense,0,random_start_4,107589.24504263191,43,685,762,773,98884.23836533359,81
random_dense,1,DMS,97714.23627507471,0,0,0,787,97714.23627507471,0
random_dense,1,DMS_split,98486.23504667022,0,0,0,816,98486.23504667022,0
random_dense,1,MS_split,105056.26093544526,37,570,667,750,98336.24368124941,37
random_dense,1,split_at_50,97714.23627507471,0,0,0,776,97714.23627507471,0
random_dense,1,split_at_100,97714.23627507471,0,0,0,776,97714.23627507471,0
random_dense,1,split_at_300,97714.23627507471,0,0,0,790,97714.23627507471,0
random_dense,1,split_at_500,97714.23627507471,0,0,0,810,97714.23627507471,0
random_dense,1,split_at_1000,97714.23627507471,0,0,0,801,97714.23627507471,0
random_dense,1,split_at_1500,97714.23627507471,0,0,0,806,97714.23627507471,0
random_dense,1,DMS_at_50,99593.25089188566,10,166,137,781,97939.24096551075,18
random_dense,1,DMS_at_100,97714.23627507471,0,0,0,806,97714.23627507471,0
random_dense,1,DMS_at_300,97714.23627507471,0,0,0,793,97714.23627507471,0
random_dense,1,DMS_at_500,97714.23627507471,0,0,0,845,97714.23627507471,0
random_dense,1,DMS_at_1000,97714.23627507471,0,0,0,800,97714.23627507471,0
random_dense,1,DMS_at_1500,97714.23627507471,0,0,0,812,97714.23627507471,0
random_dense,1,random_start_0,109972.23983367627,47,725,831,831,98368.25467969594,72
random_dense,1,random_start_1,109953.26091414338,48,721,774,774,99357.2550531476,61
random_dense,1,random_start_2,107468.2550297625,40,679,793,815,99157.23196008045,55
random_dense,1,random_start_3,108306.23500154864,43,691,767,781,99445.27209792468,60
random_dense,1,random_start_4,108458.27119145493,45,704,817,821,98837.24868188998,68
random_dense,2,DMS,98645.22974006044,0,0,0,831,98645.22974006044,0
random_dense,2,DMS_split,99404.2514558418,0,0,0,828,99404.2514558418,0
random_dense,2,MS_split,106246.25232583813,38,610,726,807,99565.25578964384,44
random_dense,2,split_at_50,99597.23508198178,0,0,0,806,99597.23508198178,0
random_dense,2,split_at_100,99006.25364989608,0,0,0,779,99006.25364989608,0
random_dense,2,split_at_300,99085.25281950623,0,0,0,820,99085.25281950623,0
random_dense,2,split_at_500,98778.25199651833,0,0,0,797,98778.25199651833,0
random_dense,2,split_at_1000,98645.22974006044,0,0,0,847,98645.22974006044,0
random_dense,2,split_at_1500,98645.22974006044,0,0,0,831,98645.22974006044,0
random_dense,2,DMS_at_50,101142.24792310812,14,149,134,818,99746.23293218653,12
random_dense,2,DMS_at_100,103810.26584014145,29,455,557,827,98990.2462300798,37
random_dense,2,DMS_at_300,102940.27497337974,22,367,362,829,99105.25739982094,25
random_dense,2,DMS_at_500,99997.25236703825,9,100,84,843,98806.2505238693,6
random_dense,2,DMS_at_1000,98645.22974006044,0,0,0,838,98645.22974006044,0
random_dense,2,DMS_at_1500,98645.22974006044,0,0,0,850,98645.22974006044,0
random_dense,2,random_start_0,109260.23696509885,46,723,788,790,99930.19453499472,69
random_dense,2,random_start_1,109264.27287658905,46,710,848,850,99293.22773491935,88
random_dense,2,random_start_2,110239.25290929146,48,727,842,842,100005.24786100847,58
random_dense,2,random_start_3,108252.24368335557,42,674,797,820,99613.2240307143,77
random_dense,2,random_start_4,108948.22891294281,46,719,841,844,100193.24492280792,69
random_dense,3,DMS,100844.21933104789,0,0,0,810,100844.21933104789,0
random_dense,3,DMS_split,101667.2347297892,0,0,0,779,101667.2347297892,0
random_dense,3,MS_split,108229.24288507586,37,646,687,754,101490.22877894789,42
random_dense,3,split_at_50,101176.21377021763,0,0,0,782,101176.21377021763,0
random_dense,3,split_at_100,100885.21607067245,0,0,0,767,100885.21607067245,0
random_dense,3,split_at_300,101218.23247688444,0,0,0,766,101218.23247688444,0
random_dense,3,split_at_500,100686.24636955374,0,0,0,810,100686.24636955374,0
random_dense,3,split_at_1000,101356.27632629516,0,0,0,823,101356.27632629516,0
random_dense,3,split_at_1500,101267.2316346296,0,0,0,742,101267.2316346296,0
random_dense,3,DMS_at_50,102289.21769582357,7,75,57,754,101176.21377021763,13
random_dense,3,DMS_at_100,102520.24135000582,9,143,120,746,101045.24580883363,17
random_dense,3,DMS_at_300,102264.2223169602,11,114,62,736,101159.22336235875,8
random_dense,3,DMS_at_500,100803.23742252836,3,7,0,760,100686.24636955374,2
random_dense,3,DMS_at_1000,101464.267389503,2,7,1,786,101385.25908270657,1
random_dense,3,DMS_at_1500,103450.25638189216,14,146,116,749,101190.21141978365,32
random_dense,3,random_start_0,111691.25041510133,43,722,802,810,102168.24398172117,66
random_dense,3,random_start_1,112259.27226889429,46,738,792,794,102325.2444445537,77
random_dense,3,random_start_2,112322.27122945174,46,733,775,780,102659.23349607796,71
random_dense,3,random_start_3,110755.23987825503,47,712,772,794,101733.25412962676,75
random_dense,3,random_start_4,110719.23822780713,41,689,719,751,102142.26131244142,58
random_dense,4,DMS,94946.2927121686,0,0,0,837,94946.2927121686,0
random_dense,4,DMS_split,95317.26470257633,0,0,0,828,95317.26470257633,0
random_dense,4,MS_split,103684.26451761852,42,659,820,841,95077.28060268119,52
random_dense,4,split_at_50,95155.23688267078,0,0,0,884,95155.23688267078,0
random_dense,4,split_at_100,95062.29711859122,0,0,0,880,95062.29711859122,0
random_dense,4,split_at_300,94946.2927121686,0,0,0,836,94946.2927121686,0
random_dense,4,split_at_500,94946.2927121686,0,0,0,820,94946.2927121686,0
random_dense,4,split_at_1000,94946.2927121686,0,0,0,860,94946.2927121686,0
random_dense,4,split_at_1500,94946.2927121686,0,0,0,836,94946.2927121686,0
random_dense,4,DMS_at_50,96549.24164216346,10,98,54,818,95279.2652988878,14
random_dense,4,DMS_at_100,97295.28041971292,17,156,176,848,95211.28600413966,24
random_dense,4,DMS_at_300,94946.2927121686,0,0,0,868,94946.2927121686,0
random_dense,4,DMS_at_500,94946.2927121686,0,0,0,841,94946.2927121686,0
random_dense,4,DMS_at_1000,94946.2927121686,0,0,0,865,94946.2927121686,0
random_dense,4,DMS_at_1500,94946.2927121686,0,0,0,806,94946.2927121686,0
random_dense,4,random_start_0,104570.30225286252,44,682,838,857,96095.24155018751,54
random_dense,4,random_start_1,106395.25756535832,46,701,872,872,96598.25085524176,74
random_dense,4,random_start_2,104388.2212319022,41,638,792,828,95939.28175007211,58
random_dense,4,random_start_3,106197.28162887643,42,681,803,817,96322.25321572441,52
random_dense,4,random_start_4,106167.282170749,45,693,852,853,95855.30367506605,74
random_dense,5,DMS,100596.25026803146,0,0,0,778,100596.25026803146,0
random_dense,5,DMS_split,100899.2440976336,0,0,0,818,100899.2440976336,0
random_dense,5,MS_split,106652.24433487905,37,540,653,810,101151.23890247461,44
random_dense,5,split_at_50,101325.22621264518,0,0,0,802,101325.22621264518,0
random_dense,5,split_at_100,101365.25112956658,0,0,0,820,101365.25112956658,0
random_dense,5,split_at_300,100643.25138769866,0,0,0,800,100643.25138769866,0
random_dense,5,split_at_500,100596.25026803146,0,0,0,767,100596.25026803146,0
random_dense,5,split_at_1000,100596.25026803146,0,0,0,769,100596.25026803146,0
random_dense,5,split_at_1500,100596.25026803146,0,0,0,779,100596.25026803146,0
random_dense,5,DMS_at_50,104833.23837600315,22,354,361,743,101460.24184289337,29
random_dense,5,DMS_at_100,103610.26003393612,19,252,221,784,101511.25504150409,22
random_dense,5,DMS_at_300,100643.25138769866,0,0,0,800,100643.25138769866,0
random_dense,5,DMS_at_500,100596.25026803146,0,0,0,810,100596.25026803146,0
random_dense,5,DMS_at_1000,100596.25026803146,0,0,0,780,100596.25026803146,0
random_dense,5,DMS_at_1500,100596.25026803146,0,0,0,765,100596.25026803146,0
random_dense,5,random_start_0,112512.2354529133,47,734,794,794,101732.21407636591,69
random_dense,5,random_start_1,111395.25012051845,49,742,801,801,101875.25279095667,48
random_dense,5,random_start_2,111108.22618740353,48,744,782,782,102580.29203757088,55
random_dense,5,random_start_3,110451.24221270345,44,721,804,819,100822.23510572607,65
random_dense,5,random_start_4,111967.26541385548,48,743,759,761,101800.26749407988,56
random_dense,6,DMS,97979.24744240516,0,0,0,847,97979.24744240516,0
random_dense,6,DMS_split,98250.24235142555,0,0,0,832,98250.24235142555,0
random_dense,6,MS_split,106997.24402679576,41,686,785,814,99054.2444329614,57
random_dense,6,split_at_50,97981.24231761317,0,0,0,826,97981.24231761317,0
random_dense,6,split_at_100,98012.24855734734,0,0,0,874,98012.24855734734,0
random_dense,6,split_at_300,97979.24744240516,0,0,0,832,97979.24744240516,0
random_dense,6,split_at_500,97979.24744240516,0,0,0,844,97979.24744240516,0
random_dense,6,split_at_1000,97979.24744240516,0,0,0,869,97979.24744240516,0
random_dense,6,split_at_1500,97979.24744240516,0,0,0,806,97979.24744240516,0
random_dense,6,DMS_at_50,98966.24772064523,10,67,57,830,97984.25738342987,13
random_dense,6,DMS_at_100,98688.24632114633,7,54,33,848,97905.23408849153,17
random_dense,6,DMS_at_300,97979.24744240516,0,0,0,829,97979.24744240516,0
random_dense,6,DMS_at_500,97979.24744240516,0,0,0,805,97979.24744240516,0
random_dense,6,DMS_at_1000,97979.24744240516,0,0,0,831,97979.24744240516,0
random_dense,6,DMS_at_1500,97979.24744240516,0,0,0,818,97979.24744240516,0
random_dense,6,random_start_0,109233.26052201209,49,723,810,810,99386.24679920392,70
random_dense,6,random_start_1,108434.2707272487,46,709,856,858,99180.29473865035,71
random_dense,6,random_start_2,108809.24721531739,49,724,834,834,99306.240470386,64
random_dense,6,random_start_3,107840.25339479558,41,666,789,810,99161.23824059333,71
random_dense,6,random_start_4,109195.30530935488,47,703,769,773,99387.2440321564,78
random_dense,7,DMS,102648.2486903554,0,0,0,731,102648.2486903554,0
random_dense,7,DMS_split,102533.25625634834,0,0,0,748,102533.25625634834,0
random_dense,7,MS_split,111679.26808671975,43,733,711,733,103790.27602790845,41
random_dense,7,split_at_50,103241.244329793,0,0,0,741,103241.244329793,0
random_dense,7,split_at_100,103755.27416889463,0,0,0,746,103755.27416889463,0
random_dense,7,split_at_300,103272.234269824,0,0,0,746,103272.234269824,0
random_dense,7,split_at_500,102620.26994132373,0,0,0,746,102620.26994132373,0
random_dense,7,split_at_1000,102591.25814533184,0,0,0,781,102591.25814533184,0
random_dense,7,split_at_1500,102648.2486903554,0,0,0,759,102648.2486903554,0
random_dense,7,DMS_at_50,109006.27690323781,29,470,493,763,103279.27816930616,40
random_dense,7,DMS_at_100,107448.27733595204,23,328,302,726,103994.26436941812,31
random_dense,7,DMS_at_300,104305.22944208205,8,73,34,774,103465.24285876522,9
random_dense,7,DMS_at_500,103088.26706425546,8,48,22,778,102588.26732907286,7
random_dense,7,DMS_at_1000,103438.25558493225,5,44,23,704,102831.26362029676,14
random_dense,7,DMS_at_1500,102648.2486903554,0,0,0,740,102648.2486903554,0
random_dense,7,random_start_0,113263.26799137998,46,728,736,754,104216.28530025794,73
random_dense,7,random_start_1,111972.23443495727,42,703,739,764,104547.23374331037,48
random_dense,7,random_start_2,113957.25855083019,42,731,781,796,104336.2653279777,80
random_dense,7,random_start_3,112495.26818608538,46,719,728,754,104277.27771042704,74
random_dense,7,random_start_4,113344.24719083108,43,724,736,756,103989.27349274943,67
random_dense,8,DMS,106085.26263951644,31,480,539,795,100763.26217451518,52
random_dense,8,DMS_split,100229.23203767314,0,0,0,774,100229.23203767314,0
random_dense,8,MS_split,111754.24504552051,47,732,796,798,101184.23677400238,65
random_dense,8,split_at_50,100046.25176991796,0,0,0,742,100046.25176991796,0
random_dense,8,split_at_100,100046.25176991796,0,0,0,797,100046.25176991796,0
random_dense,8,split_at_300,100399.23190223312,0,0,0,753,100399.23190223312,0
random_dense,8,split_at_500,100514.25361095999,0,0,0,760,100514.25361095999,0
random_dense,8,split_at_1000,100704.27487124004,0,0,0,798,100704.27487124004,0
random_dense,8,split_at_1500,100103.23610011881,0,0,0,778,100103.23610011881,0
random_dense,8,DMS_at_50,102427.25676826877,14,184,150,764,100442.26910042936,21
random_dense,8,DMS_at_100,100046.25176991796,0,0,0,762,100046.25176991796,0
random_dense,8,DMS_at_300,104709.24545806857,29,379,403,768,100394.2253608354,25
random_dense,8,DMS_at_500,105580.23043316508,26,436,478,783,100497.24862026605,48
random_dense,8,DMS_at_1000,102799.2906655886,16,196,186,772,100550.28006905851,24
random_dense,8,DMS_at_1500,100378.23726278711,3,12,5,778,100130.24591630512,6
random_dense,8,random_start_0,110410.22775096561,46,712,761,767,101462.24047784858,65
random_dense,8,random_start_1,111440.23025401976,45,721,759,765,102061.213485412,60
random_dense,8,random_start_2,110234.23845276666,47,704,783,804,100969.23177934015,86
random_dense,8,random_start_3,110235.23418913007,45,705,772,789,101615.28894499314,57
random_dense,8,random_start_4,112339.23051439165,47,734,748,748,101282.29106808148,74
random_dense,9,DMS,99570.24658051772,0,0,0,756,99570.24658051772,0
random_dense,9,DMS_split,100422.23672296468,0,0,0,801,100422.23672296468,0
random_dense,9,MS_split,111191.24324880904,49,729,790,790,100567.28358438116,58
random_dense,9,split_at_50,99984.25061659938,0,0,0,797,99984.25061659938,0
random_dense,9,split_at_100,100672.26360124907,0,0,0,821,100672.26360124907,0
random_dense,9,split_at_300,100368.24030705045,0,0,0,831,100368.24030705045,0
random_dense,9,split_at_500,100313.26359684857,0,0,0,828,100313.26359684857,0
random_dense,9,split_at_1000,100381.21691411638,0,0,0,766,100381.21691411638,0
random_dense,9,split_at_1500,99570.24658051772,0,0,0,803,99570.24658051772,0
random_dense,9,DMS_at_50,101815.24983666335,16,200,186,806,99912.24458728728,20
random_dense,9,DMS_at_100,104583.24235812429,26,430,461,799,100750.24704522507,30
random_dense,9,DMS_at_300,104132.25316654275,26,353,387,793,100690.25635548313,37
random_dense,9,DMS_at_500,101819.24340135067,13,128,107,814,100663.2368632971,19
random_dense,9,DMS_at_1000,105699.22421205873,25,445,531,795,100684.21359068603,27
random_dense,9,DMS_at_1500,99570.24658051772,0,0,0,785,99570.24658051772,0
random_dense,9,random_start_0,111251.22985594897,47,736,771,771,100050.22591993133,81
random_dense,9,random_start_1,110333.25601170302,48,719,763,765,100729.23259869184,81
random_dense,9,random_start_2,110555.2435518112,44,701,805,822,101233.23611203073,46
random_dense,9,random_start_3,111519.22988384392,47,736,806,807,100503.2566288026,74
random_dense,9,random_start_4,111808.25186205762,48,739,792,792,100874.25097273974,81
random_dense,10,DMS,98132.25690721553,0,0,0,840,98132.25690721553,0
random_dense,10,DMS_split,98049.23303644436,0,0,0,848,98049.23303644436,0
random_dense,10,MS_split,106292.24790838212,41,646,800,842,98634.26392728643,59
random_dense,10,split_at_50,97994.23284474916,0,0,0,801,97994.23284474916,0
random_dense,10,split_at_100,97994.23284474916,0,0,0,778,97994.23284474916,0
random_dense,10,split_at_300,98024.22017838857,0,0,0,834,98024.22017838857,0
random_dense,10,split_at_500,98897.26480815836,0,0,0,790,98897.26480815836,0
random_dense,10,split_at_1000,98132.25690721553,0,0,0,818,98132.25690721553,0
random_dense,10,split_at_1500,98132.25690721553,0,0,0,815,98132.25690721553,0
random_dense,10,DMS_at_50,97994.23284474916,0,0,0,764,97994.23284474916,0
random_dense,10,DMS_at_100,97994.23284474916,0,0,0,803,97994.23284474916,0
random_dense,10,DMS_at_300,99388.23183588833,9,103,77,804,98370.20589342368,10
random_dense,10,DMS_at_500,103986.24353338983,34,539,665,823,98708.22935462491,57
random_dense,10,DMS_at_1000,98132.25690721553,0,0,0,816,98132.25690721553,0
random_dense,10,DMS_at_1500,98132.25690721553,0,0,0,838,98132.25690721553,0
random_dense,10,random_start_0,108044.25616206335,43,705,793,799,99425.24119778,61
random_dense,10,random_start_1,109225.25727224491,46,718,785,786,99484.24590820608,48
random_dense,10,random_start_2,108973.24525715798,45,695,783,790,98866.21975397882,71
random_dense,10,random_start_3,107740.2314881637,43,690,825,840,99502.2214350669,58
random_dense,10,random_start_4,108386.26088403251,42,680,819,833,98809.22762540785,70
random_dense,11,DMS,98370.21103760872,0,0,0,762,98370.21103760872,0
random_dense,11,DMS_split,99304.26001578406,0,0,0,770,99304.26001578406,0
random_dense,11,MS_split,107781.26705986467,44,695,792,807,99524.24882083492,47
random_dense,11,split_at_50,98704.2357940716,0,0,0,783,98704.2357940716,0
random_dense,11,split_at_100,98789.22949908339,0,0,0,773,98789.22949908339,0
random_dense,11,split_at_300,99602.22716475691,0,0,0,797,99602.22716475691,0
random_dense,11,split_at_500,98599.2476272579,0,0,0,790,98599.2476272579,0
random_dense,11,split_at_1000,98370.21103760872,0,0,0,781,98370.21103760872,0
random_dense,11,split_at_1500,98370.21103760872,0,0,0,792,98370.21103760872,0
random_dense,11,DMS_at_50,99297.2210199582,9,44,21,812,98815.22303253743,9
random_dense,11,DMS_at_100,101107.26506168081,18,205,204,814,99011.23326663389,26
random_dense,11,DMS_at_300,104446.25545709793,34,532,614,803,99382.24360518521,51
random_dense,11,DMS_at_500,101414.2776658461,19,242,220,799,98949.26122865839,26
random_dense,11,DMS_at_1000,98370.21103760872,0,0,0,809,98370.21103760872,0
random_dense,11,DMS_at_1500,98370.21103760872,0,0,0,805,98370.21103760872,0
random_dense,11,random_start_0,109164.25573367535,47,724,802,803,98508.20180664073,83
random_dense,11,random_start_1,108555.24590378173,45,721,804,805,99441.24559236117,70
random_dense,11,random_start_2,108516.28075520488,44,692,775,794,99925.23342539923,51
random_dense,11,random_start_3,108027.25673897043,44,707,802,809,99458.23666420164,68
random_dense,11,random_start_4,108406.22106094989,41,674,791,814,99622.25539018943,67
random_dense,12,DMS,97206.24313591156,0,0,0,853,97206.24313591156,0
random_dense,12,DMS_split,97984.24901337658,0,0,0,843,97984.24901337658,0
random_dense,12,MS_split,104438.26285458212,37,579,707,837,98016.26163112026,46
random_dense,12,split_at_50,97206.24313591156,0,0,0,810,97206.24313591156,0
random_dense,12,split_at_100,97206.24313591156,0,0,0,804,97206.24313591156,0
random_dense,12,split_at_300,97206.24313591156,0,0,0,802,97206.24313591156,0
random_dense,12,split_at_500,97206.24313591156,0,0,0,811,97206.24313591156,0
random_dense,12,split_at_1000,97206.24313591156,0,0,0,844,97206.24313591156,0
random_dense,12,split_at_1500,97206.24313591156,0,0,0,811,97206.24313591156,0
random_dense,12,DMS_at_50,97904.24475176334,6,48,20,822,97265.25962420226,9
random_dense,12,DMS_at_100,97206.24313591156,0,0,0,772,97206.24313591156,0
random_dense,12,DMS_at_300,97206.24313591156,0,0,0,842,97206.24313591156,0
random_dense,12,DMS_at_500,97206.24313591156,0,0,0,807,97206.24313591156,0
random_dense,12,DMS_at_1000,97206.24313591156,0,0,0,821,97206.24313591156,0
random_dense,12,DMS_at_1500,97206.24313591156,0,0,0,834,97206.24313591156,0
random_dense,12,random_start_0,108591.23606981164,47,714,856,856,99197.27750581062,59
random_dense,12,random_start_1,107423.2187517202,43,698,799,810,98624.24825985264,63
random_dense,12,random_start_2,107176.2233202209,45,689,809,837,98705.27776967107,69
random_dense,12,random_start_3,107433.24141450411,43,683,830,843,98546.27518453624,65
random_dense,12,random_start_4,108008.25831566576,45,703,806,809,98115.22710504939,67
random_dense,13,DMS,102546.23195852152,0,0,0,749,102546.23195852152,0
random_dense,13,DMS_split,103676.23050128583,0,0,0,772,103676.23050128583,0
random_dense,13,MS_split,108232.25349100823,35,532,618,792,102994.23999447512,30
random_dense,13,split_at_50,103134.28000817282,0,0,0,756,103134.28000817282,0
random_dense,13,split_at_100,102546.23195852152,0,0,0,771,102546.23195852152,0
random_dense,13,split_at_300,102546.23195852152,0,0,0,811,102546.23195852152,0
random_dense,13,split_at_500,102546.23195852152,0,0,0,820,102546.23195852152,0
random_dense,13,split_at_1000,102546.23195852152,0,0,0,734,102546.23195852152,0
random_dense,13,split_at_1500,102546.23195852152,0,0,0,781,102546.23195852152,0
random_dense,13,DMS_at_50,105669.25013427898,17,228,194,778,103588.27191055844,30
random_dense,13,DMS_at_100,103235.25188467737,5,36,8,768,102546.23195852152,11
random_dense,13,DMS_at_300,102546.23195852152,0,0,0,737,102546.23195852152,0
random_dense,13,DMS_at_500,102546.23195852152,0,0,0,816,102546.23195852152,0
random_dense,13,DMS_at_1000,102546.23195852152,0,0,0,790,102546.23195852152,0
random_dense,13,DMS_at_1500,102546.23195852152,0,0,0,737,102546.23195852152,0
random_dense,13,random_start_0,112766.23729029881,43,701,717,736,104330.26008838572,67
random_dense,13,random_start_1,114324.24626962506,46,750,744,746,103913.24510881852,71
random_dense,13,random_start_2,113272.24947861097,40,706,768,785,103568.25681077535,63
random_dense,13,random_start_3,113243.25187250729,46,745,765,771,103628.24040180651,63
random_dense,13,random_start_4,112968.25732870282,46,747,769,771,103995.25673530079,74
random_dense,14,DMS,103150.243366122,6,30,5,744,102898.25298026933,5
random_dense,14,DMS_split,103442.23227619524,0,0,0,722,103442.23227619524,0
random_dense,14,MS_split,113685.22671046198,45,716,750,763,103504.22728751184,63
random_dense,14,split_at_50,103053.26091551325,0,0,0,715,103053.26091551325,0
random_dense,14,split_at_100,103064.28781090758,0,0,0,756,103064.28781090758,0
random_dense,14,split_at_300,102657.23568269788,0,0,0,780,102657.23568269788,0
random_dense,14,split_at_500,102709.2588066612,0,0,0,757,102709.2588066612,0
random_dense,14,split_at_1000,102698.25542979267,0,0,0,729,102698.25542979267,0
random_dense,14,split_at_1500,103116.2294455547,0,0,0,764,103116.2294455547,0
random_dense,14,DMS_at_50,110350.24736540313,35,632,659,737,103161.26580594525,63
random_dense,14,DMS_at_100,106498.29013243821,20,324,308,746,103493.2966205422,28
random_dense,14,DMS_at_300,104742.27222111989,13,211,174,751,102940.2606786609,21
random_dense,14,DMS_at_500,108080.25275386452,30,451,442,733,103398.24450874995,45
random_dense,14,DMS_at_1000,102736.2507145218,0,0,0,735,102736.2507145218,0
random_dense,14,DMS_at_1500,105643.24954880096,16,253,217,740,103036.23894956136,20
random_dense,14,random_start_0,113162.24783443881,48,722,758,766,103931.24381252425,59
random_dense,14,random_start_1,112705.26914120678,45,729,733,739,103958.25045195075,67
random_dense,14,random_start_2,113675.27544684109,44,734,735,742,104176.25483107947,59
random_dense,14,random_start_3,112798.22683243496,45,735,771,775,103958.2376863564,60
random_dense,14,random_start_4,113476.23615799619,45,749,754,759,103135.25472974597,67
random_dense,15,DMS,96892.256856755,0,0,0,816,96892.256856755,0
random_dense,15,DMS_split,97949.21751690791,0,0,0,853,97949.21751690791,0
random_dense,15,MS_split,101740.2405195907,33,455,582,826,97678.26181152578,32
random_dense,15,split_at_50,97871.22216065961,0,0,0,810,97871.22216065961,0
random_dense,15,split_at_100,97770.25333129968,0,0,0,785,97770.25333129968,0
random_dense,15,split_at_300,97055.2608155514,0,0,0,776,97055.2608155514,0
random_dense,15,split_at_500,96892.256856755,0,0,0,827,96892.256856755,0
random_dense,15,split_at_1000,96892.256856755,0,0,0,845,96892.256856755,0
random_dense,15,split_at_1500,96892.256856755,0,0,0,833,96892.256856755,0
random_dense,15,DMS_at_50,103740.24656656799,33,523,611,833,98273.22623919164,38
random_dense,15,DMS_at_100,102284.23425033105,31,406,491,797,97861.25789148705,41
random_dense,15,DMS_at_300,97089.25867964409,4,2,1,786,97037.26509242736,5
random_dense,15,DMS_at_500,96892.256856755,0,0,0,833,96892.256856755,0
random_dense,15,DMS_at_1000,96892.256856755,0,0,0,803,96892.256856755,0
random_dense,15,DMS_at_1500,96892.256856755,0,0,0,830,96892.256856755,0
random_dense,15,random_start_0,108680.2471584312,47,711,831,835,98345.23580397987,58
random_dense,15,random_start_1,107125.24253437085,44,692,814,824,98108.26972016547,66
random_dense,15,random_start_2,107845.26112373258,44,703,803,808,98629.2324686131,57
random_dense,15,random_start_3,107586.26023680996,47,713,800,802,98628.24652664573,63
random_dense,15,random_start_4,107579.28305521661,46,694,809,816,98591.24715276531,65
random_dense,16,DMS,99592.23350671465,0,0,0,760,99592.23350671465,0
random_dense,16,DMS_split,100582.25314099694,0,0,0,767,100582.25314099694,0
random_dense,16,MS_split,107713.24102126744,40,638,702,791,100075.25661059849,47
random_dense,16,split_at_50,100296.27817697031,0,0,0,814,100296.27817697031,0
random_dense,16,split_at_100,99842.23234021754,0,0,0,791,99842.23234021754,0
random_dense,16,split_at_300,99819.22697389656,0,0,0,779,99819.22697389656,0
random_dense,16,split_at_500,99592.23350671465,0,0,0,796,99592.23350671465,0
random_dense,16,split_at_1000,99592.23350671465,0,0,0,778,99592.23350671465,0
random_dense,16,split_at_1500,99592.23350671465,0,0,0,742,99592.23350671465,0
random_dense,16,DMS_at_50,106115.25553766332,32,522,593,764,99688.2418991181,67
random_dense,16,DMS_at_100,105843.23095806342,28,531,569,758,100587.2541797316,39
random_dense,16,DMS_at_300,104963.24325348757,28,462,497,787,100003.24683313446,56
random_dense,16,DMS_at_500,99592.23350671465,0,0,0,805,99592.23350671465,0
random_dense,16,DMS_at_1000,99592.23350671465,0,0,0,773,99592.23350671465,0
random_dense,16,DMS_at_1500,99592.23350671465,0,0,0,772,99592.23350671465,0
random_dense,16,random_start_0,112245.24310179452,48,732,755,756,100696.24603748461,87
random_dense,16,random_start_1,112148.26988435494,48,736,771,771,101132.25911952797,78
random_dense,16,random_start_2,111902.23931828991,48,734,819,819,100253.26203999348,79
random_dense,16,random_start_3,110192.27478590117,45,704,752,763,100740.24773294714,71
random_dense,16,random_start_4,109569.23208911465,47,734,781,783,101225.24327588543,65
random_dense,17,DMS,102273.24952140743,0,0,0,778,102273.24952140743,0
random_dense,17,DMS_split,102714.19903615939,0,0,0,764,102714.19903615939,0
random_dense,17,MS_split,110727.25197517793,41,691,713,746,103290.21984055653,43
random_dense,17,split_at_50,103122.24604175628,0,0,0,734,103122.24604175628,0
random_dense,17,split_at_100,102449.24687031697,0,0,0,768,102449.24687031697,0
random_dense,17,split_at_300,102436.27861735292,0,0,0,788,102436.27861735292,0
random_dense,17,split_at_500,102394.25736131793,0,0,0,757,102394.25736131793,0
random_dense,17,split_at_1000,102273.24952140743,0,0,0,684,102273.24952140743,0
random_dense,17,split_at_1500,102273.24952140743,0,0,0,743,102273.24952140743,0
random_dense,17,DMS_at_50,106077.26716571701,21,306,255,746,103366.2578073998,32
random_dense,17,DMS_at_100,105620.26295046118,19,298,259,767,102610.25577293093,24
random_dense,17,DMS_at_300,108614.25326798322,31,544,538,720,103897.26530024619,34
random_dense,17,DMS_at_500,107391.2212559631,26,410,420,737,102559.24981214132,43
random_dense,17,DMS_at_1000,102273.24952140743,0,0,0,729,102273.24952140743,0
random_dense,17,DMS_at_1500,102273.24952140743,0,0,0,753,102273.24952140743,0
random_dense,17,random_start_0,113037.24627984296,45,743,726,726,103780.26807144466,59
random_dense,17,random_start_1,112425.27493999548,45,712,677,706,103550.26135963129,69
random_dense,17,random_start_2,113185.25931544734,42,732,749,755,103753.2556220765,53
random_dense,17,random_start_3,113669.27476594817,49,755,763,763,103220.25117663355,77
random_dense,17,random_start_4,113245.23802092508,44,727,743,751,103135.21132125086,64
random_dense,18,DMS,98771.2607626822,0,0,0,774,98771.2607626822,0
random_dense,18,DMS_split,99635.24532999065,0,0,0,787,99635.24532999065,0
random_dense,18,MS_split,107866.24481075633,43,695,799,822,100338.25438315744,40
random_dense,18,split_at_50,99326.23800489558,0,0,0,795,99326.23800489558,0
random_dense,18,split_at_100,98951.24085778986,0,0,0,797,98951.24085778986,0
random_dense,18,split_at_300,98771.2607626822,0,0,0,828,98771.2607626822,0
random_dense,18,split_at_500,98771.2607626822,0,0,0,781,98771.2607626822,0
random_dense,18,split_at_1000,98771.2607626822,0,0,0,782,98771.2607626822,0
random_dense,18,split_at_1500,98771.2607626822,0,0,0,781,98771.2607626822,0
random_dense,18,DMS_at_50,101512.2535018927,19,209,209,825,99611.2486723848,20
random_dense,18,DMS_at_100,100613.22656601123,15,178,179,802,99162.2407382719,15
random_dense,18,DMS_at_300,98771.2607626822,0,0,0,814,98771.2607626822,0
random_dense,18,DMS_at_500,98771.2607626822,0,0,0,846,98771.2607626822,0
random_dense,18,DMS_at_1000,98771.2607626822,0,0,0,793,98771.2607626822,0
random_dense,18,DMS_at_1500,98771.2607626822,0,0,0,757,98771.2607626822,0
random_dense,18,random_start_0,108967.2480097411,44,707,787,794,100357.26048004546,78
random_dense,18,random_start_1,108459.26343487919,44,688,758,770,100051.26842850399,60
random_dense,18,random_start_2,109342.25625649026,46,730,769,770,99034.26014446917,82
random_dense,18,random_start_3,111270.21644187157,48,727,792,794,100457.23981670264,61
random_dense,18,random_start_4,109194.23670797702,44,697,794,808,99718.22777010857,75
random_dense,19,DMS,106111.25145327422,0,0,0,721,106111.25145327422,0
random_dense,19,DMS_split,106700.26811951118,0,0,0,751,106700.26811951118,0
random_dense,19,MS_split,115623.26682904715,43,724,666,695,106849.25418723098,44
random_dense,19,split_at_50,106234.2930455922,0,0,0,736,106234.2930455922,0
random_dense,19,split_at_100,106144.2650014352,0,0,0,725,106144.2650014352,0
random_dense,19,split_at_300,106108.26680739994,0,0,0,720,106108.26680739994,0
random_dense,19,split_at_500,105961.27243706807,0,0,0,749,105961.27243706807,0
random_dense,19,split_at_1000,106135.25819610305,0,0,0,743,106135.25819610305,0
random_dense,19,split_at_1500,106111.25145327422,0,0,0,716,106111.25145327422,0
random_dense,19,DMS_at_50,110550.24751747209,24,361,374,721,106897.28191877338,40
random_dense,19,DMS_at_100,110888.25403516124,21,401,384,732,106197.25845139391,38
random_dense,19,DMS_at_300,108143.26115759107,15,188,134,737,106217.2640935091,18
random_dense,19,DMS_at_500,105966.27194063773,1,0,0,758,105961.27243706807,1
random_dense,19,DMS_at_1000,108037.24266788448,14,167,113,717,106289.24548669954,16
random_dense,19,DMS_at_1500,106111.25145327422,0,0,0,751,106111.25145327422,0
random_dense,19,random_start_0,116014.25311334543,43,737,743,763,107097.25326958922,59
random_dense,19,random_start_1,117809.26986617979,47,771,732,734,106432.26956114477,87
random_dense,19,random_start_2,117350.25725910407,41,748,706,717,106993.27144000337,68
random_dense,19,random_start_3,116364.25792905201,42,749,733,752,107520.26880614627,53
random_dense,19,random_start_4,117212.26651675125,46,767,729,731,107166.28145408277,66
random_dense,20,DMS,97706.26784777467,0,0,0,797,97706.26784777467,0
random_dense,20,DMS_split,98056.20188745086,0,0,0,862,98056.20188745086,0
random_dense,20,MS_split,105150.24804550306,37,583,725,847,98478.22129907453,42
random_dense,20,split_at_50,98040.2681861414,0,0,0,844,98040.2681861414,0
random_dense,20,split_at_100,98196.24383882494,0,0,0,847,98196.24383882494,0
random_dense,20,split_at_300,98102.21750920583,0,0,0,812,98102.21750920583,0
random_dense,20,split_at_500,98193.24033721666,0,0,0,809,98193.24033721666,0
random_dense,20,split_at_1000,97437.24281316069,0,0,0,782,97437.24281316069,0
random_dense,20,split_at_1500,97706.26784777467,0,0,0,861,97706.26784777467,0
random_dense,20,DMS_at_50,100094.24543807654,14,156,139,819,98267.24424318357,18
random_dense,20,DMS_at_100,99838.23450686311,15,162,156,831,98175.22029087447,25
random_dense,20,DMS_at_300,101073.2253289271,23,283,288,804,98106.22556777958,32
random_dense,20,DMS_at_500,100694.22784663782,20,238,229,825,98646.22964594224,21
random_dense,20,DMS_at_1000,97860.22992462333,6,29,13,838,97524.22872287469,9
random_dense,20,DMS_at_1500,97706.26784777467,0,0,0,806,97706.26784777467,0
random_dense,20,random_start_0,108156.25446526679,45,700,854,858,99292.2322870917,72
random_dense,20,random_start_1,108625.27732023124,47,719,794,795,97641.24296787319,86
random_dense,20,random_start_2,106966.23616052628,43,695,812,827,98616.24974475181,66
random_dense,20,random_start_3,107905.23742457155,45,706,838,841,98929.21325654011,71
random_dense,20,random_start_4,108248.23348092513,43,680,815,845,98695.21756419318,74
random_dense,21,DMS,97641.25718536065,0,0,0,838,97641.25718536065,0
random_dense,21,DMS_split,97884.2433845626,0,0,0,862,97884.2433845626,0
random_dense,21,MS_split,106406.23522912902,43,682,820,843,98733.24449552437,53
random_dense,21,split_at_50,97570.24050157073,0,0,0,810,97570.24050157073,0
random_dense,21,split_at_100,97931.25340093987,0,0,0,858,97931.25340093987,0
random_dense,21,split_at_300,98015.26435248418,0,0,0,843,98015.26435248418,0
random_dense,21,split_at_500,97641.25718536065,0,0,0,875,97641.25718536065,0
random_dense,21,split_at_1000,97641.25718536065,0,0,0,849,97641.25718536065,0
random_dense,21,split_at_1500,97641.25718536065,0,0,0,823,97641.25718536065,0
random_dense,21,DMS_at_50,103235.23363649673,30,476,576,853,98280.25051930528,56
random_dense,21,DMS_at_100,99876.25066151659,13,182,178,834,98302.2403708926,13
random_dense,21,DMS_at_300,98156.27026005414,2,12,2,786,98015.26435248418,2
random_dense,21,DMS_at_500,97641.25718536065,0,0,0,834,97641.25718536065,0
random_dense,21,DMS_at_1000,97641.25718536065,0,0,0,816,97641.25718536065,0
random_dense,21,DMS_at_1500,97641.25718536065,0,0,0,783,97641.25718536065,0
random_dense,21,random_start_0,108080.25253286793,46,713,812,815,98195.22845551242,77
random_dense,21,random_start_1,106927.26881822226,40,640,777,827,98916.2577400825,51
random_dense,21,random_start_2,108816.2297557835,45,702,813,823,98588.25123956146,72
random_dense,21,random_start_3,108534.21808120975,42,688,811,822,98610.21706787519,56
random_dense,21,random_start_4,108104.2400672586,45,714,833,835,99212.21134000937,59
random_dense,22,DMS,99946.22133381167,0,0,0,779,99946.22133381167,0
random_dense,22,DMS_split,100260.2386511824,0,0,0,748,100260.2386511824,0
random_dense,22,MS_split,111192.25414738533,49,734,764,764,100056.26432256725,82
random_dense,22,split_at_50,100184.22870899976,0,0,0,825,100184.22870899976,0
random_dense,22,split_at_100,99493.22216091989,0,0,0,787,99493.22216091989,0
random_dense,22,split_at_300,99755.2193623025,0,0,0,775,99755.2193623025,0
random_dense,22,split_at_500,99946.22133381167,0,0,0,779,99946.22133381167,0
random_dense,22,split_at_1000,99946.22133381167,0,0,0,793,99946.22133381167,0
random_dense,22,split_at_1500,99946.22133381167,0,0,0,775,99946.22133381167,0
random_dense,22,DMS_at_50,103833.25359586343,24,352,376,756,100357.2204332644,40
random_dense,22,DMS_at_100,104371.23692854775,27,390,370,753,101418.22836605168,33
random_dense,22,DMS_at_300,103487.24267526278,22,296,323,781,100599.23610805906,31
random_dense,22,DMS_at_500,99946.22133381167,0,0,0,804,99946.22133381167,0
random_dense,22,DMS_at_1000,99946.22133381167,0,0,0,776,99946.22133381167,0
random_dense,22,DMS_at_1500,99946.22133381167,0,0,0,796,99946.22133381167,0
random_dense,22,random_start_0,108972.23606119101,42,683,754,774,101148.22587268142,53
random_dense,22,random_start_1,110123.22411367521,45,709,808,817,100736.2664462452,63
random_dense,22,random_start_2,110664.22070002549,45,717,743,756,100567.25435825628,63
random_dense,22,random_start_3,110978.27623808979,49,736,784,784,101348.229370801,55
random_dense,22,random_start_4,109587.27949945097,39,694,765,788,100824.25003962613,91
random_dense,23,DMS,100100.26652494792,0,0,0,748,100100.26652494792,0
random_dense,23,DMS_split,100628.24834967605,0,0,0,757,100628.24834967605,0
random_dense,23,MS_split,108711.2474626749,43,701,756,775,100713.24851806574,52
random_dense,23,split_at_50,100337.24576060224,0,0,0,782,100337.24576060224,0
random_dense,23,split_at_100,100403.25277847383,0,0,0,775,100403.25277847383,0
random_dense,23,split_at_300,100517.24358385411,0,0,0,768,100517.24358385411,0
random_dense,23,split_at_500,100498.22686065294,0,0,0,790,100498.22686065294,0
random_dense,23,split_at_1000,100264.24198967137,0,0,0,772,100264.24198967137,0
random_dense,23,split_at_1500,100287.29346708073,0,0,0,814,100287.29346708073,0
random_dense,23,DMS_at_50,104991.26039492962,26,406,435,784,100871.26028664126,35
random_dense,23,DMS_at_100,103883.26943331017,19,312,325,768,100676.26592647021,34
random_dense,23,DMS_at_300,103208.25347024786,17,273,252,753,100593.25328363416,27
random_dense,23,DMS_at_500,102120.24087175728,13,168,116,787,100501.2236375278,17
random_dense,23,DMS_at_1000,102706.2601063519,14,194,197,800,100504.24370629681,26
random_dense,23,DMS_at_1500,106592.28676821537,31,516,608,806,101241.25393191475,46
random_dense,23,random_start_0,110794.25633598324,48,727,800,802,100740.24363083465,77
random_dense,23,random_start_1,111545.2259702966,46,727,770,774,101311.25464286386,57
random_dense,23,random_start_2,109562.27087149805,44,677,728,751,100550.23697907948,52
random_dense,23,random_start_3,110910.24198974506,44,730,809,812,101181.2259335573,65
random_dense,23,random_start_4,110044.27443797464,43,694,701,726,100613.27412219926,66
random_dense,24,DMS,98290.21643405267,0,0,0,779,98290.21643405267,0
random_dense,24,DMS_split,99032.25212641929,0,0,0,824,99032.25212641929,0
random_dense,24,MS_split,107101.24356263675,45,697,791,809,98679.24123032027,43
random_dense,24,split_at_50,98631.262754304,0,0,0,814,98631.262754304,0
random_dense,24,split_at_100,98746.25810640093,0,0,0,799,98746.25810640093,0
random_dense,24,split_at_300,98290.21643405267,0,0,0,824,98290.21643405267,0
random_dense,24,split_at_500,98290.21643405267,0,0,0,822,98290.21643405267,0
random_dense,24,split_at_1000,98290.21643405267,0,0,0,810,98290.21643405267,0
random_dense,24,split_at_1500,98290.21643405267,0,0,0,768,98290.21643405267,0
random_dense,24,DMS_at_50,103352.21947747582,31,489,562,825,99161.22345934196,40
random_dense,24,DMS_at_100,101773.26174024277,22,274,294,827,98775.25840006072,26
random_dense,24,DMS_at_300,98290.21643405267,0,0,0,769,98290.21643405267,0
random_dense,24,DMS_at_500,98290.21643405267,0,0,0,835,98290.21643405267,0
random_dense,24,DMS_at_1000,98290.21643405267,0,0,0,813,98290.21643405267,0
random_dense,24,DMS_at_1500,98290.21643405267,0,0,0,804,98290.21643405267,0
random_dense,24,random_start_0,108223.24373288883,43,692,803,819,99602.26476559206,71
random_dense,24,random_start_1,108900.21797655357,47,704,794,800,100004.22298906272,59
random_dense,24,random_start_2,109197.26972526016,46,711,812,814,100012.24540615502,56
random_dense,24,random_start_3,110438.23925764166,47,720,804,805,99340.19926324426,84
random_dense,24,random_start_4,109842.23032338505,46,719,795,796,99884.26824311823,62
random_dense,25,DMS,102917.26487998062,11,103,59,787,101541.25186222125,14
random_dense,25,DMS_split,101913.2254017805,0,0,0,806,101913.2254017805,0
random_dense,25,MS_split,112563.25792652676,45,741,795,795,102295.25025299992,51
random_dense,25,split_at_50,101416.2625594555,0,0,0,756,101416.2625594555,0
random_dense,25,split_at_100,102661.22979282621,0,0,0,777,102661.22979282621,0
random_dense,25,split_at_300,101630.26093496347,0,0,0,733,101630.26093496347,0
random_dense,25,split_at_500,101837.2316180922,0,0,0,746,101837.2316180922,0
random_dense,25,split_at_1000,101361.27457068513,0,0,0,806,101361.27457068513,0
random_dense,25,split_at_1500,101563.19833048394,0,0,0,802,101563.19833048394,0
random_dense,25,DMS_at_50,104073.26594994488,17,210,158,802,101504.27702248738,29
random_dense,25,DMS_at_100,106568.25669502886,25,386,404,770,102444.23215180941,38
random_dense,25,DMS_at_300,102425.25038522977,8,72,35,765,101714.24241193796,7
random_dense,25,DMS_at_500,103524.24100860984,14,165,141,756,101837.2316180922,11
random_dense,25,DMS_at_1000,104335.25854753432,13,244,223,773,101662.25000587558,23
random_dense,25,DMS_at_1500,101949.20068555995,4,18,9,773,101684.20992188608,3
random_dense,25,random_start_0,113171.2492972672,49,749,782,782,102927.2577405765,71
random_dense,25,random_start_1,111820.25056791508,41,717,774,796,102830.25286325978,62
random_dense,25,random_start_2,112936.24627808032,48,749,784,786,102928.2557430377,66
random_dense,25,random_start_3,112689.25782902658,45,727,776,785,102633.22860255609,75
random_dense,25,random_start_4,112041.26435300823,45,717,760,776,102711.27431804742,72
random_dense,26,DMS,102290.21984653133,0,0,0,794,102290.21984653133,0
random_dense,26,DMS_split,103150.25758164971,0,0,0,763,103150.25758164971,0
random_dense,26,MS_split,108349.25293417342,32,534,556,741,102689.25039428263,43
random_dense,26,split_at_50,102871.28309266681,0,0,0,773,102871.28309266681,0
random_dense,26,split_at_100,102729.23013176484,0,0,0,786,102729.23013176484,0
random_dense,26,split_at_300,102563.2620447034,0,0,0,737,102563.2620447034,0
random_dense,26,split_at_500,103063.25408668474,0,0,0,742,103063.25408668474,0
random_dense,26,split_at_1000,102971.25660620788,0,0,0,793,102971.25660620788,0
random_dense,26,split_at_1500,102290.21984653133,0,0,0,757,102290.21984653133,0
random_dense,26,DMS_at_50,105673.29013659588,24,286,295,746,102800.26970672737,32
random_dense,26,DMS_at_100,104189.23189952261,11,115,69,766,102589.25521387326,19
random_dense,26,DMS_at_300,102855.2716363078,6,26,6,771,102533.25626175846,7
random_dense,26,DMS_at_500,108391.24141220498,30,504,556,769,103469.24108249036,53
random_dense,26,DMS_at_1000,107004.26192995886,26,380,397,764,103259.26764753503,32
random_dense,26,DMS_at_1500,102290.21984653133,0,0,0,747,102290.21984653133,0
random_dense,26,random_start_0,112578.26399657117,46,734,756,761,103543.26518787144,64
random_dense,26,random_start_1,114363.27516420679,46,739,731,735,102976.25212940131,78
random_dense,26,random_start_2,113809.25036007867,48,745,745,745,104320.26561831862,72
random_dense,26,random_start_3,114977.25514729577,49,755,753,753,103261.25164324138,93
random_dense,26,random_start_4,114731.240481044,44,744,738,744,103116.27320005526,81
random_dense,27,DMS,94890.28335448804,6,31,20,874,94612.27296588324,7
random_dense,27,DMS_split,94847.24904672173,0,0,0,885,94847.24904672173,0
random_dense,27,MS_split,101871.27967928501,41,611,805,871,95981.27220821175,42
random_dense,27,split_at_50,94336.27219312087,0,0,0,846,94336.27219312087,0
random_dense,27,split_at_100,94364.28653445616,0,0,0,877,94364.28653445616,0
random_dense,27,split_at_300,94411.26137302181,0,0,0,882,94411.26137302181,0
random_dense,27,split_at_500,94411.26137302181,0,0,0,890,94411.26137302181,0
random_dense,27,split_at_1000,94411.26137302181,0,0,0,867,94411.26137302181,0
random_dense,27,split_at_1500,94568.28015890681,0,0,0,828,94568.28015890681,0
random_dense,27,DMS_at_50,95037.27331349022,7,42,24,857,94336.27219312087,13
random_dense,27,DMS_at_100,94587.2664244041,3,15,5,874,94336.27219312087,4
random_dense,27,DMS_at_300,94851.27282384741,4,27,13,899,94411.26137302181,5
random_dense,27,DMS_at_500,94411.26137302181,0,0,0,901,94411.26137302181,0
random_dense,27,DMS_at_1000,94411.26137302181,0,0,0,865,94411.26137302181,0
random_dense,27,DMS_at_1500,95753.28319939254,14,95,76,827,94595.26514333818,19
random_dense,27,random_start_0,104574.27065521585,45,685,861,869,95533.26197341745,70
random_dense,27,random_start_1,104588.29580928244,48,702,869,869,95242.26426744534,72
random_dense,27,random_start_2,103897.28317289794,41,669,836,848,95405.28457738331,67
random_dense,27,random_start_3,105561.26581334672,46,698,899,900,95764.27100268671,76
random_dense,27,random_start_4,105848.2126093267,47,690,839,842,95717.25530594082,74
random_dense,28,DMS,99934.27869197335,0,0,0,795,99934.27869197335,0
random_dense,28,DMS_split,100564.24730544057,0,0,0,801,100564.24730544057,0
random_dense,28,MS_split,107890.30144883656,40,674,738,785,100419.25991250991,43
random_dense,28,split_at_50,100261.24635105547,0,0,0,807,100261.24635105547,0
random_dense,28,split_at_100,99923.2314946144,0,0,0,823,99923.2314946144,0
random_dense,28,split_at_300,100422.25547578743,0,0,0,804,100422.25547578743,0
random_dense,28,split_at_500,100215.28904754114,0,0,0,771,100215.28904754114,0
random_dense,28,split_at_1000,99934.27869197335,0,0,0,794,99934.27869197335,0
random_dense,28,split_at_1500,99934.27869197335,0,0,0,785,99934.27869197335,0
random_dense,28,DMS_at_50,100697.24912565314,7,40,12,843,100249.2430339892,8
random_dense,28,DMS_at_100,101945.2397995838,12,161,131,808,99923.2314946144,18
random_dense,28,DMS_at_300,107482.26388708131,37,637,747,832,100560.30550334795,58
random_dense,28,DMS_at_500,104482.25260973348,24,328,352,772,100958.28400202011,40
random_dense,28,DMS_at_1000,99934.27869197335,0,0,0,821,99934.27869197335,0
random_dense,28,DMS_at_1500,99934.27869197335,0,0,0,811,99934.27869197335,0
random_dense,28,random_start_0,110799.25891777845,44,713,810,815,101192.26800160042,63
random_dense,28,random_start_1,110515.26764175572,43,706,794,803,101248.29878738656,67
random_dense,28,random_start_2,110203.27696713824,44,696,749,757,100615.29724551488,71
random_dense,28,random_start_3,110660.22904045664,42,697,764,779,100215.25870026762,79
random_dense,28,random_start_4,111786.25311536758,49,739,780,780,100471.26852906194,85
random_dense,29,DMS,101177.2529748164,16,163,154,806,98994.23015051594,28
random_dense,29,DMS_split,99130.251134578,0,0,0,822,99130.251134578,0
random_dense,29,MS_split,110073.23530997717,49,728,789,789,99553.2400675816,51
random_dense,29,split_at_50,99509.25918133178,0,0,0,800,99509.25918133178,0
random_dense,29,split_at_100,99076.24055664644,0,0,0,786,99076.24055664644,0
random_dense,29,split_at_300,99533.22002173038,0,0,0,811,99533.22002173038,0
random_dense,29,split_at_500,99113.26569340481,0,0,0,809,99113.26569340481,0
random_dense,29,split_at_1000,99297.2261078363,0,0,0,809,99297.2261078363,0
random_dense,29,split_at_1500,99362.25147784213,0,0,0,792,99362.25147784213,0
random_dense,29,DMS_at_50,104757.25462541114,33,490,535,794,99905.2604481611,39
random_dense,29,DMS_at_100,102702.25301056878,21,299,303,780,99553.23817065333,37
random_dense,29,DMS_at_300,103848.2521878978,30,450,554,855,99842.22870383789,31
random_dense,29,DMS_at_500,100352.25783363206,9,96,59,779,99312.2577720407,18
random_dense,29,DMS_at_1000,105060.22399013795,35,531,610,811,99418.22687636266,57
random_dense,29,DMS_at_1500,103609.27731077612,24,381,477,823,99756.24409889326,34
random_dense,29,random_start_0,110091.25138379863,48,718,835,838,99305.24878511751,78
random_dense,29,random_start_1,109675.26639649358,46,711,773,781,100389.25520612048,70
random_dense,29,random_start_2,107232.25851297985,36,623,749,812,99508.2224795794,57
random_dense,29,random_start_3,109473.26597527336,42,679,779,800,99627.23127793247,75
random_dense,29,random_start_4,109030.22903486915,49,730,824,824,100156.2658427475,47
random_dense,30,DMS,97455.2769357554,0,0,0,797,97455.2769357554,0
random_dense,30,DMS_split,97767.22015254771,0,0,0,798,97767.22015254771,0
random_dense,30,MS_split,104321.24207914282,37,560,625,776,98168.25411979223,49
random_dense,30,split_at_50,97455.2769357554,0,0,0,803,97455.2769357554,0
random_dense,30,split_at_100,97475.25691122594,0,0,0,782,97475.25691122594,0
random_dense,30,split_at_300,97455.2769357554,0,0,0,829,97455.2769357554,0
random_dense,30,split_at_500,97455.2769357554,0,0,0,798,97455.2769357554,0
random_dense,30,split_at_1000,97455.2769357554,0,0,0,791,97455.2769357554,0
random_dense,30,split_at_1500,97455.2769357554,0,0,0,807,97455.2769357554,0
random_dense,30,DMS_at_50,99362.246249519,15,163,122,854,97561.27615906042,18
random_dense,30,DMS_at_100,97665.26596876516,3,20,4,819,97475.25691122594,3
random_dense,30,DMS_at_300,97455.2769357554,0,0,0,791,97455.2769357554,0
random_dense,30,DMS_at_500,97455.2769357554,0,0,0,801,97455.2769357554,0
random_dense,30,DMS_at_1000,97455.2769357554,0,0,0,798,97455.2769357554,0
random_dense,30,DMS_at_1500,97455.2769357554,0,0,0,827,97455.2769357554,0
random_dense,30,random_start_0,108260.21828871543,46,703,767,776,98943.24611890869,64
random_dense,30,random_start_1,109067.22082223847,43,698,798,806,99222.20087258852,67
random_dense,30,random_start_2,108981.22564130453,47,722,812,812,98510.26055444923,60
random_dense,30,random_start_3,109323.24652072783,48,716,832,832,98655.27926002776,62
random_dense,30,random_start_4,108122.22963235954,43,679,770,799,99258.25524692675,67
random_dense,31,DMS,97597.25718650302,0,0,0,806,97597.25718650302,0
random_dense,31,DMS_split,98133.27519877907,0,0,0,848,98133.27519877907,0
random_dense,31,MS_split,102434.26511406754,25,402,467,790,98990.29027583897,25
random_dense,31,split_at_50,98678.24323631289,0,0,0,817,98678.24323631289,0
random_dense,31,split_at_100,98081.24029408439,0,0,0,849,98081.24029408439,0
random_dense,31,split_at_300,97597.25718650302,0,0,0,821,97597.25718650302,0
random_dense,31,split_at_500,97597.25718650302,0,0,0,800,97597.25718650302,0
random_dense,31,split_at_1000,97597.25718650302,0,0,0,816,97597.25718650302,0
random_dense,31,split_at_1500,97597.25718650302,0,0,0,815,97597.25718650302,0
random_dense,31,DMS_at_50,101776.22075416138,24,304,289,818,98596.24762546757,29
random_dense,31,DMS_at_100,100702.2790630053,16,220,215,775,98442.24019701457,23
random_dense,31,DMS_at_300,97597.25718650302,0,0,0,766,97597.25718650302,0
random_dense,31,DMS_at_500,97921.26014098273,6,14,4,788,97753.25649535289,4
random_dense,31,DMS_at_1000,97597.25718650302,0,0,0,806,97597.25718650302,0
random_dense,31,DMS_at_1500,97597.25718650302,0,0,0,793,97597.25718650302,0
random_dense,31,random_start_0,109300.25253618736,47,714,790,792,99112.2499573528,71
random_dense,31,random_start_1,108696.25069197548,45,707,820,831,99680.2702019045,48
random_dense,31,random_start_2,108461.2614831167,45,715,826,828,98877.2657106006,76
random_dense,31,random_start_3,109361.25139891551,47,724,800,801,98920.25489558879,77
random_dense,31,random_start_4,109421.27561468727,48,719,803,805,98893.24069690607,92
random_dense,32,DMS,103209.26094032679,21,293,293,778,99875.24251931581,29
random_dense,32,DMS_split,99711.24321068748,0,0,0,784,99711.24321068748,0
random_dense,32,MS_split,100762.26532430941,17,248,230,809,98884.25087031862,21
random_dense,32,split_at_50,99599.24020770006,0,0,0,757,99599.24020770006,0
random_dense,32,split_at_100,99271.2099041678,0,0,0,794,99271.2099041678,0
random_dense,32,split_at_300,98888.24390809517,0,0,0,759,98888.24390809517,0
random_dense,32,split_at_500,99418.21018652704,0,0,0,794,99418.21018652704,0
random_dense,32,split_at_1000,99695.23532101064,0,0,0,792,99695.23532101064,0
random_dense,32,split_at_1500,100153.25730377773,0,0,0,748,100153.25730377773,0
random_dense,32,DMS_at_50,104777.29105025926,28,474,539,743,99929.24881540325,49
random_dense,32,DMS_at_100,99469.22326754952,4,13,5,796,99295.21758436038,4
random_dense,32,DMS_at_300,99127.2480750137,4,15,4,760,98888.24390809517,4
random_dense,32,DMS_at_500,104722.25289406918,32,492,569,801,99516.23554554027,50
random_dense,32,DMS_at_1000,103985.25164650907,29,432,519,836,99818.23260902303,35
random_dense,32,DMS_at_1500,105931.21489912731,32,528,582,795,100547.22900640273,26
random_dense,32,random_start_0,109202.23724709875,46,700,776,786,100681.23732048365,65
random_dense,32,random_start_1,109741.23548735205,45,711,800,807,100138.25367285416,60
random_dense,32,random_start_2,109596.23694849436,45,708,812,816,100611.22378865156,63
random_dense,32,random_start_3,109872.21417002442,46,696,778,796,101021.23192000807,52
random_dense,32,random_start_4,110053.2631028028,40,682,793,814,99450.2582044336,78
random_dense,33,DMS,97897.28085246203,0,0,0,777,97897.28085246203,0
random_dense,33,DMS_split,98470.21624921825,0,0,0,787,98470.21624921825,0
random_dense,33,MS_split,106041.2706105369,39,633,749,819,98608.24884552624,55
random_dense,33,split_at_50,98625.25551431578,0,0,0,780,98625.25551431578,0
random_dense,33,split_at_100,98397.20415605209,0,0,0,782,98397.20415605209,0
random_dense,33,split_at_300,97953.25834961938,0,0,0,792,97953.25834961938,0
random_dense,33,split_at_500,98244.25157370974,0,0,0,825,98244.25157370974,0
random_dense,33,split_at_1000,97897.28085246203,0,0,0,812,97897.28085246203,0
random_dense,33,split_at_1500,97897.28085246203,0,0,0,775,97897.28085246203,0
random_dense,33,DMS_at_50,104393.26125347379,29,532,643,829,99058.24824471418,48
random_dense,33,DMS_at_100,100070.22123029977,17,147,132,802,98863.21585241718,9
random_dense,33,DMS_at_300,98156.25802903858,2,10,0,752,97986.25977064684,4
random_dense,33,DMS_at_500,98443.26284115083,5,16,3,794,98370.26023733961,3
random_dense,33,DMS_at_1000,97897.28085246203,0,0,0,802,97897.28085246203,0
random_dense,33,DMS_at_1500,97897.28085246203,0,0,0,847,97897.28085246203,0
random_dense,33,random_start_0,109130.23713015455,46,713,761,763,99501.23583626706,61
random_dense,33,random_start_1,109454.23848891594,47,722,847,847,99870.23450217687,59
random_dense,33,random_start_2,108156.2732637195,47,718,823,824,98468.24822176507,87
random_dense,33,random_start_3,107488.22130884185,44,679,747,767,98629.22837844347,57
random_dense,33,random_start_4,109154.21495490787,48,719,838,840,99549.29169527245,57
random_dense,34,DMS,94674.26612173066,0,0,0,868,94674.26612173066,0
random_dense,34,DMS_split,94925.26630316241,0,0,0,848,94925.26630316241,0
random_dense,34,MS_split,102942.23360653529,40,606,788,856,95224.24673722411,44
random_dense,34,split_at_50,95432.24283801443,0,0,0,878,95432.24283801443,0
random_dense,34,split_at_100,95067.24659996145,0,0,0,920,95067.24659996145,0
random_dense,34,split_at_300,95501.24777603269,0,0,0,879,95501.24777603269,0
random_dense,34,split_at_500,95111.22965995518,0,0,0,886,95111.22965995518,0
random_dense,34,split_at_1000,94674.26612173066,0,0,0,824,94674.26612173066,0
random_dense,34,split_at_1500,94674.26612173066,0,0,0,861,94674.26612173066,0
random_dense,34,DMS_at_50,100155.26092645926,30,448,571,874,95503.24167812415,39
random_dense,34,DMS_at_100,95311.2539229096,3,16,7,839,95067.24659996145,3
random_dense,34,DMS_at_300,100665.27374671468,29,468,630,874,95074.24852648865,42
random_dense,34,DMS_at_500,98534.2343795361,26,328,403,861,95238.24215626529,28
random_dense,34,DMS_at_1000,94674.26612173066,0,0,0,870,94674.26612173066,0
random_dense,34,DMS_at_1500,94674.26612173066,0,0,0,872,94674.26612173066,0
random_dense,34,random_start_0,105110.2568731315,46,677,906,912,95431.24319925546,77
random_dense,34,random_start_1,105362.22520100817,45,683,861,863,96088.24792690157,64
random_dense,34,random_start_2,105196.2496510767,46,681,863,878,95621.24932569377,80
random_dense,34,random_start_3,104890.23607334582,44,683,855,863,96281.21908755373,80
random_dense,34,random_start_4,106926.24474510415,44,688,893,901,96088.26151486216,74
random_dense,35,DMS,102168.23219102269,0,0,0,799,102168.23219102269,0
random_dense,35,DMS_split,102210.2243155769,0,0,0,780,102210.2243155769,0
random_dense,35,MS_split,108709.25858175362,40,628,750,830,102525.25547693468,47
random_dense,35,split_at_50,101776.25812290468,0,0,0,766,101776.25812290468,0
random_dense,35,split_at_100,101878.2292725268,0,0,0,791,101878.2292725268,0
random_dense,35,split_at_300,101658.2706584749,0,0,0,784,101658.2706584749,0
random_dense,35,split_at_500,102185.23698609932,0,0,0,795,102185.23698609932,0
random_dense,35,split_at_1000,102127.24007926206,0,0,0,785,102127.24007926206,0
random_dense,35,split_at_1500,102168.23219102269,0,0,0,815,102168.23219102269,0
random_dense,35,DMS_at_50,106729.25923163055,24,408,448,793,102328.28909892385,21
random_dense,35,DMS_at_100,106021.23673068185,24,379,360,741,101997.25988510177,35
random_dense,35,DMS_at_300,105988.25394083752,22,382,366,783,101863.26414055435,44
random_dense,35,DMS_at_500,106753.23979945129,29,434,506,795,102821.24188752244,34
random_dense,35,DMS_at_1000,105188.22232297802,23,274,289,786,102964.21996900637,17
random_dense,35,DMS_at_1500,102168.23219102269,0,0,0,773,102168.23219102269,0
random_dense,35,random_start_0,113801.2510134023,49,755,784,784,103174.24765859343,70
random_dense,35,random_start_1,111275.26923744763,42,697,763,787,103007.2605205608,65
random_dense,35,random_start_2,112840.25834344806,46,734,799,800,102989.25983879517,78
random_dense,35,random_start_3,111343.25660311039,45,726,747,753,101837.22243417914,70
random_dense,35,random_start_4,112839.24205731894,45,724,774,792,102940.2528271183,70
random_dense,36,DMS,97448.26707376813,0,0,0,861,97448.26707376813,0
random_dense,36,DMS_split,98100.26688021891,0,0,0,788,98100.26688021891,0
random_dense,36,MS_split,101759.26435097176,28,409,491,836,97806.2774214806,22
random_dense,36,split_at_50,97457.23393312235,0,0,0,830,97457.23393312235,0
random_dense,36,split_at_100,97571.2660386583,0,0,0,829,97571.2660386583,0
random_dense,36,split_at_300,97353.23110596878,0,0,0,827,97353.23110596878,0
random_dense,36,split_at_500,97463.25639151318,0,0,0,876,97463.25639151318,0
random_dense,36,split_at_1000,97448.26707376813,0,0,0,838,97448.26707376813,0
random_dense,36,split_at_1500,97448.26707376813,0,0,0,839,97448.26707376813,0
random_dense,36,DMS_at_50,99790.24330467392,16,205,191,827,97528.23760591533,22
random_dense,36,DMS_at_100,101222.25907128949,23,305,283,774,97990.2612511502,23
random_dense,36,DMS_at_300,97826.25119899727,5,25,6,792,97471.25100547439,5
random_dense,36,DMS_at_500,99689.24235102787,17,195,190,823,97644.26826577142,16
random_dense,36,DMS_at_1000,97448.26707376813,0,0,0,843,97448.26707376813,0
random_dense,36,DMS_at_1500,97448.26707376813,0,0,0,835,97448.26707376813,0
random_dense,36,random_start_0,108230.23962205292,48,708,807,814,98440.27018631333,65
random_dense,36,random_start_1,108007.2262356146,47,705,799,811,98174.20686234313,68
random_dense,36,random_start_2,108344.24973308115,44,716,850,851,98610.26497409625,79
random_dense,36,random_start_3,109115.25363038848,48,711,790,794,98844.26075086661,53
random_dense,36,random_start_4,107792.2713623266,44,693,818,826,98650.25707520764,70
random_dense,37,DMS,100385.21806540673,0,0,0,782,100385.21806540673,0
random_dense,37,DMS_split,101029.28838258566,0,0,0,800,101029.28838258566,0
random_dense,37,MS_split,106623.22529166208,34,588,642,754,100267.24094984356,49
random_dense,37,split_at_50,100423.2432858023,0,0,0,817,100423.2432858023,0
random_dense,37,split_at_100,100239.25588674676,0,0,0,810,100239.25588674676,0
random_dense,37,split_at_300,100080.24952088892,0,0,0,731,100080.24952088892,0
random_dense,37,split_at_500,100390.28021681203,0,0,0,745,100390.28021681203,0
random_dense,37,split_at_1000,100462.26695276532,0,0,0,810,100462.26695276532,0
random_dense,37,split_at_1500,100385.21806540673,0,0,0,754,100385.21806540673,0
random_dense,37,DMS_at_50,105635.24129896318,31,479,535,788,100810.25758714073,47
random_dense,37,DMS_at_100,107361.26434062238,34,582,672,788,101047.23353497093,48
random_dense,37,DMS_at_300,100629.24298775477,7,62,29,801,100080.24952088892,6
random_dense,37,DMS_at_500,104331.26148398254,20,311,328,768,100770.26736222036,34
random_dense,37,DMS_at_1000,102218.24819264194,16,196,182,802,100592.2599150295,17
random_dense,37,DMS_at_1500,100385.21806540673,0,0,0,819,100385.21806540673,0
random_dense,37,random_start_0,112332.24462767321,46,731,810,811,101515.26113767014,54
random_dense,37,random_start_1,111002.24855945329,43,716,762,765,101554.23619684602,57
random_dense,37,random_start_2,110819.23723742407,47,718,812,823,100770.26660940227,64
random_dense,37,random_start_3,110183.28940612062,40,686,778,806,101437.23498402792,63
random_dense,37,random_start_4,111319.23663438809,44,719,774,780,101248.24609239411,73
random_dense,38,DMS,95812.24622950023,0,0,0,814,95812.24622950023,0
random_dense,38,DMS_split,96256.22992025937,0,0,0,831,96256.22992025937,0
random_dense,38,MS_split,103847.24967194964,39,641,776,834,96281.23829222069,40
random_dense,38,split_at_50,95772.21130065627,0,0,0,873,95772.21130065627,0
random_dense,38,split_at_100,95798.21636292973,0,0,0,831,95798.21636292973,0
random_dense,38,split_at_300,95866.23677302868,0,1,0,852,95866.23677302868,0
random_dense,38,split_at_500,95979.26238072096,0,0,0,893,95979.26238072096,0
random_dense,38,split_at_1000,95812.24622950023,0,0,0,807,95812.24622950023,0
random_dense,38,split_at_1500,95812.24622950023,0,0,0,825,95812.24622950023,0
random_dense,38,DMS_at_50,96093.23130625248,4,26,10,828,95888.2311773581,2
random_dense,38,DMS_at_100,95798.21636292973,0,0,0,826,95798.21636292973,0
random_dense,38,DMS_at_300,100341.24800082749,27,356,445,833,95953.22648999731,40
random_dense,38,DMS_at_500,98608.2520134278,18,236,257,858,96005.25313705516,24
random_dense,38,DMS_at_1000,95990.2450901518,1,10,1,827,95843.2443158118,1
random_dense,38,DMS_at_1500,95812.24622950023,0,0,0,837,95812.24622950023,0
random_dense,38,random_start_0,106815.25440903136,47,699,828,831,96947.22662664828,76
random_dense,38,random_start_1,104913.21701087675,42,654,828,863,96497.22602590595,49
random_dense,38,random_start_2,105768.25849140655,44,684,845,857,96771.23447085623,46
random_dense,38,random_start_3,106144.25764944566,46,696,837,845,96972.23924515898,62
random_dense,38,random_start_4,105269.23655589414,40,681,882,897,96132.2274260457,68
random_dense,39,DMS,100986.24762968239,0,0,0,749,100986.24762968239,0
random_dense,39,DMS_split,101124.23801508553,0,0,0,796,101124.23801508553,0
random_dense,39,MS_split,106838.2527261721,33,553,614,798,101532.26004915577,29
random_dense,39,split_at_50,101162.26242605453,0,0,0,763,101162.26242605453,0
random_dense,39,split_at_100,100994.25833074668,0,0,0,779,100994.25833074668,0
random_dense,39,split_at_300,101132.25845054617,0,0,0,738,101132.25845054617,0
random_dense,39,split_at_500,100986.24762968239,0,0,0,791,100986.24762968239,0
random_dense,39,split_at_1000,100986.24762968239,0,0,0,766,100986.24762968239,0
random_dense,39,split_at_1500,100986.24762968239,0,0,0,746,100986.24762968239,0
random_dense,39,DMS_at_50,105424.26322127058,23,380,358,722,100679.25777569317,31
random_dense,39,DMS_at_100,102194.26416210877,11,103,77,769,101095.26735536689,14
random_dense,39,DMS_at_300,101333.26150628147,3,18,3,799,101142.25677049348,5
random_dense,39,DMS_at_500,100986.24762968239,0,0,0,785,100986.24762968239,0
random_dense,39,DMS_at_1000,100986.24762968239,0,0,0,776,100986.24762968239,0
random_dense,39,DMS_at_1500,100986.24762968239,0,0,0,736,100986.24762968239,0
random_dense,39,random_start_0,111509.25974709184,43,703,777,796,101365.25418191393,58
random_dense,39,random_start_1,112401.25493806713,47,736,747,751,102220.26841061783,75
random_dense,39,random_start_2,113188.25618726946,46,743,777,778,101474.23106543886,60
random_dense,39,random_start_3,110857.27045735125,45,712,774,790,102777.26287388294,50
random_dense,39,random_start_4,111097.26781624745,41,706,745,764,101404.24729057429,80
random_dense,40,DMS,103701.25062078418,2,7,0,714,103616.251071595,2
random_dense,40,DMS_split,103851.21901305324,0,0,0,740,103851.21901305324,0
random_dense,40,MS_split,114118.23243877097,46,736,737,744,105118.22557410196,48
random_dense,40,split_at_50,104387.2377399293,0,0,0,704,104387.2377399293,0
random_dense,40,split_at_100,104108.24442878421,0,0,0,776,104108.24442878421,0
random_dense,40,split_at_300,104574.23482945249,0,0,0,759,104574.23482945249,0
random_dense,40,split_at_500,103776.2122789348,0,0,0,773,103776.2122789348,0
random_dense,40,split_at_1000,103690.25641724655,0,0,0,755,103690.25641724655,0
random_dense,40,split_at_1500,103616.251071595,0,0,0,737,103616.251071595,0
random_dense,40,DMS_at_50,108132.25337568102,21,318,300,726,104475.22369128824,35
random_dense,40,DMS_at_100,105388.24553105727,12,129,86,766,104274.24247108285,9
random_dense,40,DMS_at_300,108980.2384219233,29,446,470,786,105269.24314304696,39
random_dense,40,DMS_at_500,110939.2440513834,37,603,665,772,104421.23749582424,59
random_dense,40,DMS_at_1000,103792.27099806773,1,4,0,752,103732.26488816446,2
random_dense,40,DMS_at_1500,103775.23171506557,3,8,0,706,103627.24620958752,2
random_dense,40,random_start_0,113605.25394000715,43,731,727,746,105198.26230296817,66
random_dense,40,random_start_1,113727.24703104269,43,705,751,777,104872.2279610046,66
random_dense,40,random_start_2,115288.25112900337,43,747,743,749,105183.26787986806,58
random_dense,40,random_start_3,114448.21081349254,40,705,726,759,104823.2170174234,68
random_dense,40,random_start_4,115219.23495377586,47,743,743,745,105107.26388046905,88
random_dense,41,DMS,96331.24552186542,0,0,0,868,96331.24552186542,0
random_dense,41,DMS_split,96678.25547951773,0,0,0,853,96678.25547951773,0
random_dense,41,MS_split,97247.27703739514,12,94,65,855,96383.26576919059,6
random_dense,41,split_at_50,96331.24552186542,0,0,0,820,96331.24552186542,0
random_dense,41,split_at_100,96331.24552186542,0,0,0,842,96331.24552186542,0
random_dense,41,split_at_300,96331.24552186542,0,0,0,864,96331.24552186542,0
random_dense,41,split_at_500,96331.24552186542,0,0,0,810,96331.24552186542,0
random_dense,41,split_at_1000,96331.24552186542,0,0,0,833,96331.24552186542,0
random_dense,41,split_at_1500,96331.24552186542,0,0,0,830,96331.24552186542,0
random_dense,41,DMS_at_50,97444.24227280145,8,79,50,830,96331.24552186542,11
random_dense,41,DMS_at_100,96331.24552186542,0,0,0,857,96331.24552186542,0
random_dense,41,DMS_at_300,96331.24552186542,0,0,0,811,96331.24552186542,0
random_dense,41,DMS_at_500,96331.24552186542,0,0,0,839,96331.24552186542,0
random_dense,41,DMS_at_1000,96331.24552186542,0,0,0,851,96331.24552186542,0
random_dense,41,DMS_at_1500,96331.24552186542,0,0,0,839,96331.24552186542,0
random_dense,41,random_start_0,107335.26562671545,44,697,837,843,96917.26706294171,76
random_dense,41,random_start_1,108047.25750665495,45,696,820,828,97798.28768224033,58
random_dense,41,random_start_2,106525.2566489091,46,682,821,847,97534.25078206048,67
random_dense,41,random_start_3,107549.27980215014,47,711,799,799,97386.29290164598,91
random_dense,41,random_start_4,107759.24867640766,46,706,815,816,97554.2232648775,56
random_dense,42,DMS,96874.25916663978,0,0,0,805,96874.25916663978,0
random_dense,42,DMS_split,97531.25651193822,0,0,0,806,97531.25651193822,0
random_dense,42,MS_split,108201.23905294172,47,711,834,836,97464.23697227721,54
random_dense,42,split_at_50,97406.24440562846,0,0,0,816,97406.24440562846,0
random_dense,42,split_at_100,97224.23200242719,0,0,0,799,97224.23200242719,0
random_dense,42,split_at_300,97743.24499393025,0,0,0,830,97743.24499393025,0
random_dense,42,split_at_500,97481.24764142744,0,0,0,829,97481.24764142744,0
random_dense,42,split_at_1000,97472.24129937317,0,0,0,839,97472.24129937317,0
random_dense,42,split_at_1500,96874.25916663978,0,0,0,841,96874.25916663978,0
random_dense,42,DMS_at_50,97871.2539971592,5,28,11,850,97406.24440562846,6
random_dense,42,DMS_at_100,102716.2454169993,34,495,592,827,97376.26453359393,49
random_dense,42,DMS_at_300,102612.24183493407,30,487,611,863,98174.24712700093,43
random_dense,42,DMS_at_500,102043.22509832591,27,438,523,847,98399.25975715957,47
random_dense,42,DMS_at_1000,101429.26096242484,26,373,439,813,97639.24942010106,35
random_dense,42,DMS_at_1500,96874.25916663978,0,0,0,809,96874.25916663978,0
random_dense,42,random_start_0,107195.22456080592,42,679,813,828,98279.24123743939,53
random_dense,42,random_start_1,107649.23247901339,43,688,862,875,98126.26139779859,62
random_dense,42,random_start_2,107800.25961962376,49,719,816,816,98929.23910105985,63
random_dense,42,random_start_3,108167.22824204148,48,716,863,865,97850.23880861727,87
random_dense,42,random_start_4,107077.2359526506,46,689,826,834,98297.25907598938,54
random_dense,43,DMS,102010.26771634063,3,12,5,754,101839.27422888388,4
random_dense,43,DMS_split,102132.26340933477,0,0,0,729,102132.26340933477,0
random_dense,43,MS_split,108353.28517198256,34,615,634,773,102368.26289558497,39
random_dense,43,split_at_50,101459.22976537449,0,0,0,795,101459.22976537449,0
random_dense,43,split_at_100,101459.22976537449,0,0,0,785,101459.22976537449,0
random_dense,43,split_at_300,101751.26352823917,0,0,0,807,101751.26352823917,0
random_dense,43,split_at_500,101459.22976537449,0,0,0,735,101459.22976537449,0
random_dense,43,split_at_1000,101786.28228561646,0,0,0,747,101786.28228561646,0
random_dense,43,split_at_1500,101459.22976537449,0,0,0,787,101459.22976537449,0
random_dense,43,DMS_at_50,101685.22471420019,2,12,9,721,101459.22976537449,3
random_dense,43,DMS_at_100,102269.25223581874,7,58,25,729,101652.2440269297,7
random_dense,43,DMS_at_300,103212.25963229664,12,139,108,790,101730.25358658501,16
random_dense,43,DMS_at_500,101459.22976537449,0,0,0,720,101459.22976537449,0
random_dense,43,DMS_at_1000,102134.26707507721,5,27,9,784,101843.26626054136,5
random_dense,43,DMS_at_1500,101459.22976537449,0,0,0,760,101459.22976537449,0
random_dense,43,random_start_0,112832.2334235183,44,729,773,782,102967.24648506103,79
random_dense,43,random_start_1,113119.24679082763,43,716,734,753,103320.2499523028,44
random_dense,43,random_start_2,111835.27482980075,37,686,733,771,103335.2701578404,57
random_dense,43,random_start_3,114120.22918265269,47,752,767,767,103566.24258283187,74
random_dense,43,random_start_4,113153.25449138327,48,753,755,755,103193.243862523,67
random_dense,44,DMS,101377.28163122373,11,160,122,829,99782.28623006523,22
random_dense,44,DMS_split,100290.21481949987,0,0,0,825,100290.21481949987,0
random_dense,44,MS_split,107242.2474445795,42,632,729,793,100426.23598210864,51
random_dense,44,split_at_50,99746.26287324225,0,0,0,751,99746.26287324225,0
random_dense,44,split_at_100,99581.26271663007,0,0,0,717,99581.26271663007,0
random_dense,44,split_at_300,99696.26900455146,0,0,0,742,99696.26900455146,0
random_dense,44,split_at_500,100173.25842077799,0,0,0,795,100173.25842077799,0
random_dense,44,split_at_1000,100314.27005328743,0,0,0,802,100314.27005328743,0
random_dense,44,split_at_1500,100273.23346055017,0,0,0,764,100273.23346055017,0
random_dense,44,DMS_at_50,101625.25048848888,11,148,126,811,99918.26171111065,20
random_dense,44,DMS_at_100,101914.26371293055,17,183,184,798,99779.26610846735,19
random_dense,44,DMS_at_300,101487.26124583144,13,167,138,758,99856.26135365952,25
random_dense,44,DMS_at_500,101555.23513974476,11,110,76,795,100288.2430580195,14
random_dense,44,DMS_at_1000,102532.27770425237,17,217,212,812,100101.29465853723,27
random_dense,44,DMS_at_1500,104535.23172690134,29,409,435,757,100412.18744581529,33
random_dense,44,random_start_0,109824.24796277194,44,691,774,797,101091.25473291076,61
random_dense,44,random_start_1,109623.24470573159,44,706,790,807,100814.26168765151,71
random_dense,44,random_start_2,110993.24219451813,48,732,788,788,100657.22119270741,68
random_dense,44,random_start_3,109934.22524510421,46,724,767,768,100581.26151386002,74
random_dense,44,random_start_4,110833.24695601071,47,724,742,746,100707.22871759601,55
random_dense,45,DMS,98081.28548713683,0,0,0,831,98081.28548713683,0
random_dense,45,DMS_split,98501.26225577983,0,0,0,826,98501.26225577983,0
random_dense,45,MS_split,103979.24730415238,37,587,713,856,98369.22913616057,33
random_dense,45,split_at_50,98081.28548713683,0,0,0,759,98081.28548713683,0
random_dense,45,split_at_100,98081.28548713683,0,0,0,836,98081.28548713683,0
random_dense,45,split_at_300,98081.28548713683,0,0,0,860,98081.28548713683,0
random_dense,45,split_at_500,98081.28548713683,0,0,0,831,98081.28548713683,0
random_dense,45,split_at_1000,98081.28548713683,0,0,0,831,98081.28548713683,0
random_dense,45,split_at_1500,98081.28548713683,0,0,0,833,98081.28548713683,0
random_dense,45,DMS_at_50,98081.28548713683,0,0,0,822,98081.28548713683,0
random_dense,45,DMS_at_100,98081.28548713683,0,0,0,791,98081.28548713683,0
random_dense,45,DMS_at_300,98081.28548713683,0,0,0,813,98081.28548713683,0
random_dense,45,DMS_at_500,98081.28548713683,0,0,0,822,98081.28548713683,0
random_dense,45,DMS_at_1000,98081.28548713683,0,0,0,821,98081.28548713683,0
random_dense,45,DMS_at_1500,98081.28548713683,0,0,0,835,98081.28548713683,0
random_dense,45,random_start_0,108657.24943269351,45,703,805,814,98946.28205198879,55
random_dense,45,random_start_1,108845.2748626953,45,697,815,824,99008.25497803949,69
random_dense,45,random_start_2,106847.25655553666,38,641,745,801,99353.25200646814,71
random_dense,45,random_start_3,107422.28365077081,45,708,802,808,98830.26655764916,58
random_dense,45,random_start_4,108393.25402917841,44,692,797,805,98337.2494228665,74
random_dense,46,DMS,98517.20483423052,0,0,0,804,98517.20483423052,0
random_dense,46,DMS_split,99335.20347374382,0,0,0,842,99335.20347374382,0
random_dense,46,MS_split,108374.24400991572,43,696,800,815,99609.22240322735,48
random_dense,46,split_at_50,98543.22661668055,0,0,0,817,98543.22661668055,0
random_dense,46,split_at_100,98535.24201090747,0,0,0,841,98535.24201090747,0
random_dense,46,split_at_300,99069.21545873646,0,0,0,812,99069.21545873646,0
random_dense,46,split_at_500,98881.24477216393,0,0,0,820,98881.24477216393,0
random_dense,46,split_at_1000,98517.20483423052,0,0,0,791,98517.20483423052,0
random_dense,46,split_at_1500,98517.20483423052,0,0,0,856,98517.20483423052,0
random_dense,46,DMS_at_50,98761.24168893129,2,6,0,863,98610.22104440152,4
random_dense,46,DMS_at_100,98581.24485015693,3,3,0,816,98574.24120841951,1
random_dense,46,DMS_at_300,100819.20899676875,16,170,142,803,99123.20713643021,14
random_dense,46,DMS_at_500,99172.22740296744,4,24,7,836,98881.24477216393,4
random_dense,46,DMS_at_1000,98517.20483423052,0,0,0,816,98517.20483423052,0
random_dense,46,DMS_at_1500,98517.20483423052,0,0,0,841,98517.20483423052,0
random_dense,46,random_start_0,109852.25842812567,41,694,819,843,100129.24696353529,66
random_dense,46,random_start_1,109211.27858393702,42,694,796,816,99757.28132408086,65
random_dense,46,random_start_2,110877.24141181436,49,732,825,825,100475.23383454689,55
random_dense,46,random_start_3,108392.25657602577,39,676,784,811,100498.26968436531,44
random_dense,46,random_start_4,109854.22712663248,47,721,791,793,100359.2097696058,69
random_dense,47,DMS,98732.28548356175,0,0,0,821,98732.28548356175,0
random_dense,47,DMS_split,98857.20520514347,0,0,0,822,98857.20520514347,0
random_dense,47,MS_split,105404.25106630631,35,577,713,834,99318.26475031917,31
random_dense,47,split_at_50,99307.23809898623,0,0,0,857,99307.23809898623,0
random_dense,47,split_at_100,98717.23610198942,0,0,0,814,98717.23610198942,0
random_dense,47,split_at_300,98732.28548356175,0,0,0,832,98732.28548356175,0
random_dense,47,split_at_500,98732.28548356175,0,0,0,838,98732.28548356175,0
random_dense,47,split_at_1000,98732.28548356175,0,0,0,805,98732.28548356175,0
random_dense,47,split_at_1500,98732.28548356175,0,0,0,825,98732.28548356175,0
random_dense,47,DMS_at_50,104481.24489752666,32,497,570,796,99964.2586064027,38
random_dense,47,DMS_at_100,102425.26457863988,20,294,337,838,98892.25248031873,39
random_dense,47,DMS_at_300,99758.28427800362,8,73,53,815,98732.28548356175,10
random_dense,47,DMS_at_500,98732.28548356175,0,0,0,832,98732.28548356175,0
random_dense,47,DMS_at_1000,98732.28548356175,0,0,0,822,98732.28548356175,0
random_dense,47,DMS_at_1500,98732.28548356175,0,0,0,845,98732.28548356175,0
random_dense,47,random_start_0,109812.27056492197,48,722,775,777,99527.21546347535,68
random_dense,47,random_start_1,108021.26501772487,44,672,824,852,100264.26931245165,53
random_dense,47,random_start_2,110314.21131849501,47,725,820,820,99593.23760609215,83
random_dense,47,random_start_3,110353.24652444429,47,717,847,852,100752.23823213809,60
random_dense,47,random_start_4,109622.24696483574,42,688,804,820,99428.26321627412,57
random_dense,48,DMS,97509.30987919356,0,0,0,843,97509.30987919356,0
random_dense,48,DMS_split,97936.28823278056,0,0,0,801,97936.28823278056,0
random_dense,48,MS_split,104885.2755769358,38,620,727,805,98516.27227407148,39
random_dense,48,split_at_50,97879.25810699713,0,0,0,831,97879.25810699713,0
random_dense,48,split_at_100,97744.26839368508,0,0,0,790,97744.26839368508,0
random_dense,48,split_at_300,97565.25334235831,0,0,0,828,97565.25334235831,0
random_dense,48,split_at_500,98312.2485435662,0,0,0,807,98312.2485435662,0
random_dense,48,split_at_1000,97509.30987919356,0,0,0,823,97509.30987919356,0
random_dense,48,split_at_1500,97509.30987919356,0,0,0,818,97509.30987919356,0
random_dense,48,DMS_at_50,100683.26997696485,21,278,344,852,97766.275353806,20
random_dense,48,DMS_at_100,104447.29933757991,37,595,713,809,98684.28350518337,45
random_dense,48,DMS_at_300,98640.2500472774,13,98,73,803,97579.24687759606,15
random_dense,48,DMS_at_500,104794.23822453836,34,575,732,874,98788.26747155728,42
random_dense,48,DMS_at_1000,97509.30987919356,0,0,0,821,97509.30987919356,0
random_dense,48,DMS_at_1500,97509.30987919356,0,0,0,848,97509.30987919356,0
random_dense,48,random_start_0,108452.23226361207,49,714,836,838,98353.28862821402,80
random_dense,48,random_start_1,108915.2465781216,44,699,834,845,98513.26735912032,86
random_dense,48,random_start_2,107077.21384633066,40,667,805,843,98746.2317211616,53
random_dense,48,random_start_3,106969.26649431464,43,667,803,827,98391.25911161143,60
random_dense,48,random_start_4,108647.24499012723,47,715,825,827,98878.26845590096,57
random_dense,49,DMS,102995.24947425521,0,0,0,740,102995.24947425521,0
random_dense,49,DMS_split,103608.26199493081,0,0,0,767,103608.26199493081,0
random_dense,49,MS_split,112664.22449023908,44,712,744,762,103808.25105787264,47
random_dense,49,split_at_50,103004.28462678356,0,0,0,790,103004.28462678356,0
random_dense,49,split_at_100,103225.26063924255,0,0,0,788,103225.26063924255,0
random_dense,49,split_at_300,103317.25907871866,0,0,0,768,103317.25907871866,0
random_dense,49,split_at_500,102717.2743427818,0,0,0,752,102717.2743427818,0
random_dense,49,split_at_1000,103100.2704917112,0,0,0,761,103100.2704917112,0
random_dense,49,split_at_1500,102767.24944229957,0,0,0,796,102767.24944229957,0
random_dense,49,DMS_at_50,107083.25655630772,25,404,372,768,103393.26568250975,42
random_dense,49,DMS_at_100,104864.27732393147,13,160,122,742,103519.27502384203,17
random_dense,49,DMS_at_300,110001.25659345878,36,602,620,763,103177.22002599984,67
random_dense,49,DMS_at_500,105228.26775140231,17,214,174,764,103302.25651352682,14
random_dense,49,DMS_at_1000,110559.2842727595,40,647,683,753,103389.25226115713,56
random_dense,49,DMS_at_1500,105893.26629075872,18,311,278,738,102898.25493369419,29
random_dense,49,random_start_0,113650.27890128162,45,747,742,742,103905.26564830447,75
random_dense,49,random_start_1,114507.25308040509,45,751,788,789,104377.25193608469,64
random_dense,49,random_start_2,113341.24425898898,45,741,780,782,103996.24312273959,80
random_dense,49,random_start_3,114280.25634182498,43,730,731,740,103773.23050097736,68
random_dense,49,random_start_4,113027.24112650614,43,712,719,743,103610.26444979441,59
random_sparse,0,DMS,17089.230157574068,0,0,0,1777,17089.230157574068,0
random_sparse,0,DMS_split,17235.24461467859,0,0,0,1767,17235.24461467859,0
random_sparse,0,MS_split,19769.22151233716,33,100,1295,1757,17585.23536854898,34
random_sparse,0,split_at_50,17095.273301988902,0,0,0,1746,17095.273301988902,0
random_sparse,0,split_at_100,17100.27638477159,0,0,0,1776,17100.27638477159,0
random_sparse,0,split_at_300,17089.230157574068,0,0,0,1787,17089.230157574068,0
random_sparse,0,split_at_500,17089.230157574068,0,0,0,1780,17089.230157574068,0
random_sparse,0,split_at_1000,17089.230157574068,0,0,0,1775,17089.230157574068,0
random_sparse,0,split_at_1500,17089.230157574068,0,0,0,1775,17089.230157574068,0
random_sparse,0,DMS_at_50,17339.272119967103,7,7,71,1767,17174.27547161902,5
random_sparse,0,DMS_at_100,17552.281313149088,7,20,216,1784,17188.269812707724,7
random_sparse,0,DMS_at_300,17089.230157574068,0,0,0,1779,17089.230157574068,0
random_sparse,0,DMS_at_500,17089.230157574068,0,0,0,1779,17089.230157574068,0
random_sparse,0,DMS_at_1000,17089.230157574068,0,0,0,1792,17089.230157574068,0
random_sparse,0,DMS_at_1500,17089.230157574068,0,0,0,1804,17089.230157574068,0
random_sparse,0,random_start_0,21955.27782203666,49,144,1789,1791,17861.251117675693,52
random_sparse,0,random_start_1,22040.25349126077,49,145,1786,1786,17897.233111061036,52
random_sparse,0,random_start_2,21799.30480917769,46,140,1777,1786,18141.2607775156,54
random_sparse,0,random_start_3,21318.233419067776,43,133,1749,1788,17765.269023783174,57
random_sparse,0,random_start_4,21548.26516364142,45,134,1730,1771,17756.22734922337,57
random_sparse,1,DMS,14355.243848624197,11,26,432,1814,13808.23459412335,10
random_sparse,1,DMS_split,13787.244717290874,0,0,7,1837,13787.244717290874,0
random_sparse,1,MS_split,15644.257006918497,28,78,1361,1808,13839.271233570595,27
random_sparse,1,split_at_50,13906.19199484124,0,0,0,1816,13906.19199484124,0
random_sparse,1,split_at_100,13766.276164038489,0,0,0,1787,13766.276164038489,0
random_sparse,1,split_at_300,13725.25363693567,0,0,0,1804,13725.25363693567,0
random_sparse,1,split_at_500,13753.256430913169,0,0,8,1828,13753.256430913169,0
random_sparse,1,split_at_1000,13752.281063361357,0,0,3,1823,13752.281063361357,0
random_sparse,1,split_at_1500,13714.237206490103,0,0,0,1852,13714.237206490103,0
random_sparse,1,DMS_at_50,14765.2060615622,17,40,572,1805,14156.209578954731,22
random_sparse,1,DMS_at_100,14180.277967926813,9,14,119,1812,13766.276164038489,6
random_sparse,1,DMS_at_300,15259.255193562722,23,55,1019,1821,13948.260097832694,22
random_sparse,1,DMS_at_500,14752.257806144115,19,43,637,1819,14089.237579107266,21
random_sparse,1,DMS_at_1000,14648.23920675284,14,38,639,1790,13883.232764181874,18
random_sparse,1,DMS_at_1500,14216.227769999143,15,29,317,1817,13826.228011927124,18
random_sparse,1,random_start_0,17091.259784317208,45,111,1785,1818,14306.244170710022,42
random_sparse,1,random_start_1,17426.262780007582,42,114,1816,1826,14022.251165687301,59
random_sparse,1,random_start_2,17886.244706997575,46,118,1809,1809,14591.229963069305,52
random_sparse,1,random_start_3,17291.27123869139,40,106,1749,1815,14387.288883617735,50
random_sparse,1,random_start_4,17721.25810751671,45,116,1833,1837,14210.238908745434,46
random_sparse,2,DMS,13050.23829344256,0,0,0,1829,13050.23829344256,0
random_sparse,2,DMS_split,13064.238931180007,0,0,1,1832,13064.238931180007,0
random_sparse,2,MS_split,16099.23042480202,38,97,1598,1824,13651.25280243745,35
random_sparse,2,split_at_50,13050.23829344256,0,0,0,1846,13050.23829344256,0
random_sparse,2,split_at_100,13050.23829344256,0,0,0,1841,13050.23829344256,0
random_sparse,2,split_at_300,13050.23829344256,0,0,0,1835,13050.23829344256,0
random_sparse,2,split_at_500,13050.23829344256,0,0,0,1836,13050.23829344256,0
random_sparse,2,split_at_1000,13050.23829344256,0,0,0,1840,13050.23829344256,0
random_sparse,2,split_at_1500,13050.23829344256,0,0,0,1848,13050.23829344256,0
random_sparse,2,DMS_at_50,13188.242634176555,3,9,87,1859,13050.23829344256,2
random_sparse,2,DMS_at_100,13050.23829344256,0,0,0,1826,13050.23829344256,0
random_sparse,2,DMS_at_300,13050.23829344256,0,0,0,1830,13050.23829344256,0
random_sparse,2,DMS_at_500,13050.23829344256,0,0,0,1854,13050.23829344256,0
random_sparse,2,DMS_at_1000,13050.23829344256,0,0,0,1836,13050.23829344256,0
random_sparse,2,DMS_at_1500,13050.23829344256,0,0,0,1835,13050.23829344256,0
random_sparse,2,random_start_0,17111.246856075653,47,113,1839,1839,13881.256956361667,51
random_sparse,2,random_start_1,16955.212009509578,46,112,1827,1827,13506.225696612904,58
random_sparse,2,random_start_2,16727.22483507831,44,111,1774,1820,13708.257996703533,47
random_sparse,2,random_start_3,16121.257985980561,40,101,1746,1815,13571.264069309023,57
random_sparse,2,random_start_4,16894.277239641215,44,105,1789,1818,13783.247007462152,45
random_sparse,3,DMS,14415.260476875103,0,0,0,1810,14415.260476875103,0
random_sparse,3,DMS_split,14614.231008256591,0,0,0,1806,14614.231008256591,0
random_sparse,3,MS_split,17169.224642758043,35,99,1420,1770,14751.23655871081,36
random_sparse,3,split_at_50,14415.260476875103,0,0,0,1792,14415.260476875103,0
random_sparse,3,split_at_100,14415.260476875103,0,0,0,1809,14415.260476875103,0
random_sparse,3,split_at_300,14415.260476875103,0,0,0,1798,14415.260476875103,0
random_sparse,3,split_at_500,14415.260476875103,0,0,0,1791,14415.260476875103,0
random_sparse,3,split_at_1000,14415.260476875103,0,0,0,1804,14415.260476875103,0
random_sparse,3,split_at_1500,14415.260476875103,0,0,0,1792,14415.260476875103,0
random_sparse,3,DMS_at_50,14422.259951476593,1,1,0,1805,14415.260476875103,1
random_sparse,3,DMS_at_100,14415.260476875103,0,0,0,1829,14415.260476875103,0
random_sparse,3,DMS_at_300,14696.258010097774,6,14,117,1807,14525.264535494043,4
random_sparse,3,DMS_at_500,14415.260476875103,0,0,0,1795,14415.260476875103,0
random_sparse,3,DMS_at_1000,14544.257967140791,4,5,57,1786,14415.260476875103,5
random_sparse,3,DMS_at_1500,14415.260476875103,0,0,0,1780,14415.260476875103,0
random_sparse,3,random_start_0,18939.236022465833,45,123,1782,1794,15280.23737520458,48
random_sparse,3,random_start_1,18513.263224341852,44,118,1769,1801,14985.223436042099,55
random_sparse,3,random_start_2,18983.23904796899,46,124,1797,1797,14795.235715164765,75
random_sparse,3,random_start_3,18901.234843466544,46,123,1803,1807,15086.230992333616,57
random_sparse,3,random_start_4,18416.235936889654,47,123,1795,1797,14989.259354380843,57
random_sparse,4,DMS,14866.237110586739,0,0,0,1730,14866.237110586739,0
random_sparse,4,DMS_split,15163.24528144148,0,0,0,1685,15163.24528144148,0
random_sparse,4,MS_split,17428.26064507269,38,92,1345,1722,15232.274335872842,33
random_sparse,4,split_at_50,14882.269534386573,0,0,0,1720,14882.269534386573,0
random_sparse,4,split_at_100,15001.268340085455,0,0,0,1700,15001.268340085455,0
random_sparse,4,split_at_300,14866.237110586739,0,0,0,1733,14866.237110586739,0
random_sparse,4,split_at_500,14866.237110586739,0,0,0,1715,14866.237110586739,0
random_sparse,4,split_at_1000,14866.237110586739,0,0,0,1750,14866.237110586739,0
random_sparse,4,split_at_1500,14866.237110586739,0,0,0,1722,14866.237110586739,0
random_sparse,4,DMS_at_50,15173.272863705623,9,9,103,1735,14958.246414957415,5
random_sparse,4,DMS_at_100,15658.26080567151,11,28,410,1722,15011.262104617897,16
random_sparse,4,DMS_at_300,14866.237110586739,0,0,0,1724,14866.237110586739,0
random_sparse,4,DMS_at_500,14866.237110586739,0,0,0,1701,14866.237110586739,0
random_sparse,4,DMS_at_1000,14866.237110586739,0,0,0,1695,14866.237110586739,0
random_sparse,4,DMS_at_1500,14866.237110586739,0,0,0,1728,14866.237110586739,0
random_sparse,4,random_start_0,19054.230894984583,46,121,1673,1713,15717.25110346578,53
random_sparse,4,random_start_1,18451.264584341534,42,118,1700,1714,15555.261173206383,55
random_sparse,4,random_start_2,18918.28408788434,43,123,1692,1706,15504.263125091065,49
random_sparse,4,random_start_3,18545.25140805389,45,125,1680,1702,15354.247424910685,42
random_sparse,4,random_start_4,18683.262622545233,48,126,1723,1723,15715.259928822095,51
random_sparse,5,DMS,15737.26836013885,0,0,0,1674,15737.26836013885,0
random_sparse,5,DMS_split,15941.266883176957,0,0,0,1694,15941.266883176957,0
random_sparse,5,MS_split,16320.274719173838,10,20,245,1688,15882.27076991528,7
random_sparse,5,split_at_50,15737.26836013885,0,0,0,1678,15737.26836013885,0
random_sparse,5,split_at_100,15737.26836013885,0,0,0,1681,15737.26836013885,0
random_sparse,5,split_at_300,15737.26836013885,0,0,0,1654,15737.26836013885,0
random_sparse,5,split_at_500,15737.26836013885,0,0,0,1651,15737.26836013885,0
random_sparse,5,split_at_1000,15737.26836013885,0,0,0,1657,15737.26836013885,0
random_sparse,5,split_at_1500,15737.26836013885,0,0,0,1680,15737.26836013885,0
random_sparse,5,DMS_at_50,15803.270319701629,1,1,4,1674,15737.26836013885,1
random_sparse,5,DMS_at_100,15737.26836013885,0,0,0,1650,15737.26836013885,0
random_sparse,5,DMS_at_300,15737.26836013885,0,0,0,1665,15737.26836013885,0
random_sparse,5,DMS_at_500,15737.26836013885,0,0,0,1662,15737.26836013885,0
random_sparse,5,DMS_at_1000,15737.26836013885,0,0,0,1677,15737.26836013885,0
random_sparse,5,DMS_at_1500,15737.26836013885,0,0,0,1681,15737.26836013885,0
random_sparse,5,random_start_0,19611.24525334348,41,128,1607,1647,16564.242216203234,48
random_sparse,5,random_start_1,20110.241099510138,43,134,1657,1661,16576.213060946222,52
random_sparse,5,random_start_2,19799.26878502636,41,128,1642,1671,16757.28039560231,46
random_sparse,5,random_start_3,20521.218690077254,47,134,1664,1668,16644.21979928705,59
random_sparse,5,random_start_4,20751.23993958382,48,136,1668,1668,16616.21935779374,60
random_sparse,6,DMS,17827.258786623563,29,89,1344,1775,16023.231736834048,24
random_sparse,6,DMS_split,15677.249526889556,0,0,0,1767,15677.249526889556,0
random_sparse,6,MS_split,17320.26335084233,30,77,1104,1761,15653.246109340225,20
random_sparse,6,split_at_50,15665.26970105224,0,0,2,1778,15665.26970105224,0
random_sparse,6,split_at_100,15635.249022788279,0,0,0,1763,15635.249022788279,0
random_sparse,6,split_at_300,15731.26912778199,0,0,0,1770,15731.26912778199,0
random_sparse,6,split_at_500,15643.270928700538,0,0,0,1782,15643.270928700538,0
random_sparse,6,split_at_1000,15767.243189806257,0,0,3,1762,15767.243189806257,0
random_sparse,6,split_at_1500,15863.290373233636,0,0,15,1766,15863.290373233636,0
random_sparse,6,DMS_at_50,15789.277913667383,2,10,79,1788,15719.27251531862,2
random_sparse,6,DMS_at_100,15826.262695483503,5,10,113,1774,15635.249022788279,8
random_sparse,6,DMS_at_300,17312.262133955875,22,65,909,1764,16020.289486233936,23
random_sparse,6,DMS_at_500,18136.286730802294,32,98,1340,1769,16325.23798550888,39
random_sparse,6,DMS_at_1000,16411.254663408625,11,25,310,1800,15903.244560920502,12
random_sparse,6,DMS_at_1500,17107.252319970485,19,50,710,1783,16093.275784141528,17
random_sparse,6,random_start_0,20634.255648026272,47,130,1751,1756,16603.285982314632,56
random_sparse,6,random_start_1,19585.277278169,45,128,1720,1742,16113.265421283591,61
random_sparse,6,random_start_2,20278.275697229463,49,133,1791,1791,16566.239442053607,48
random_sparse,6,random_start_3,20104.248569569776,46,131,1765,1769,16296.271999681,56
random_sparse,6,random_start_4,20381.2623080634,48,134,1789,1789,16337.26345834268,57
random_sparse,7,DMS,16700.26445291869,17,36,522,1789,15968.269086208755,10
random_sparse,7,DMS_split,15954.257848154835,0,0,2,1800,15954.257848154835,0
random_sparse,7,MS_split,18885.290553459938,39,112,1565,1809,15993.287174640636,35
random_sparse,7,split_at_50,15923.249715521639,0,0,34,1793,15923.249715521639,0
random_sparse,7,split_at_100,15822.264045336457,0,0,0,1772,15822.264045336457,0
random_sparse,7,split_at_300,15852.21236047859,0,0,5,1755,15852.21236047859,0
random_sparse,7,split_at_500,15776.306451617042,0,0,5,1806,15776.306451617042,0
random_sparse,7,split_at_1000,15944.253736721663,0,0,9,1796,15944.253736721663,0
random_sparse,7,split_at_1500,15721.239936198537,0,0,0,1789,15721.239936198537,0
random_sparse,7,DMS_at_50,17839.25454609606,25,73,1132,1781,16164.264252693009,27
random_sparse,7,DMS_at_100,17625.261201692756,31,77,1146,1775,15999.260308196071,38
random_sparse,7,DMS_at_300,16324.224465797983,12,27,311,1791,15849.247035253804,10
random_sparse,7,DMS_at_500,16787.258860515034,13,42,506,1815,15988.256334133846,13
random_sparse,7,DMS_at_1000,17269.23715941842,22,54,771,1775,15927.250902638201,28
random_sparse,7,DMS_at_1500,16035.238010146959,7,14,157,1772,15750.230739536695,11
random_sparse,7,random_start_0,19976.226244699617,43,125,1776,1817,16391.283517090244,50
random_sparse,7,random_start_1,19817.273262559847,43,125,1732,1793,16540.250765372526,48
random_sparse,7,random_start_2,19701.256133496598,44,127,1781,1800,16327.224139661852,49
random_sparse,7,random_start_3,19436.243653129506,41,129,1792,1803,16362.25455108995,43
random_sparse,7,random_start_4,20206.252131353467,46,133,1770,1777,16347.240658876959,54
random_sparse,8,DMS,13116.257327452382,18,37,753,1869,12416.251739036416,14
random_sparse,8,DMS_split,12311.240926851115,0,0,3,1861,12311.240926851115,0
random_sparse,8,MS_split,15082.26185078584,41,93,1726,1872,12547.251026717733,39
random_sparse,8,split_at_50,12234.223739641582,0,0,0,1893,12234.223739641582,0
random_sparse,8,split_at_100,12221.21406714136,0,0,0,1883,12221.21406714136,0
random_sparse,8,split_at_300,12366.260904987088,0,0,54,1849,12366.260904987088,0
random_sparse,8,split_at_500,12302.230238051414,0,0,4,1858,12302.230238051414,0
random_sparse,8,split_at_1000,12361.24669729331,0,0,3,1860,12361.24669729331,0
random_sparse,8,split_at_1500,12254.240089609546,0,0,0,1884,12254.240089609546,0
random_sparse,8,DMS_at_50,12234.223739641582,0,0,0,1867,12234.223739641582,0
random_sparse,8,DMS_at_100,12221.21406714136,0,0,0,1863,12221.21406714136,0
random_sparse,8,DMS_at_300,13087.23186445333,15,35,743,1877,12578.267770933522,14
random_sparse,8,DMS_at_500,13535.22164863192,21,54,1011,1880,12453.228541215381,26
random_sparse,8,DMS_at_1000,13303.224158418283,22,46,905,1874,12583.230270062644,15
random_sparse,8,DMS_at_1500,12777.252819169908,13,29,493,1869,12405.256878338574,9
random_sparse,8,random_start_0,15961.251710566998,46,102,1880,1881,12811.219823884274,54
random_sparse,8,random_start_1,15939.242197776442,46,101,1859,1880,12884.281790566805,57
random_sparse,8,random_start_2,15997.211426362712,47,103,1843,1861,12754.233110574312,58
random_sparse,8,random_start_3,16213.253442526287,48,106,1864,1864,12551.26660427961,59
random_sparse,8,random_start_4,15934.265429318442,49,104,1881,1881,12739.209978602106,53
random_sparse,9,DMS,20253.243111223248,28,95,1125,1739,18692.249748685746,32
random_sparse,9,DMS_split,18152.23472265698,0,0,0,1753,18152.23472265698,0
random_sparse,9,MS_split,20596.22749305149,32,103,1217,1725,18264.218115786134,23
random_sparse,9,split_at_50,18002.25963278322,0,0,0,1724,18002.25963278322,0
random_sparse,9,split_at_100,17950.2722695874,0,0,0,1732,17950.2722695874,0
random_sparse,9,split_at_300,18012.272171598055,0,0,0,1721,18012.272171598055,0
random_sparse,9,split_at_500,18041.242384899022,0,0,0,1722,18041.242384899022,0
random_sparse,9,split_at_1000,18254.25437585117,0,0,0,1731,18254.25437585117,0
random_sparse,9,split_at_1500,18002.25963278322,0,0,0,1705,18002.25963278322,0
random_sparse,9,DMS_at_50,18696.228964118418,10,20,223,1742,18285.24237841831,10
random_sparse,9,DMS_at_100,18301.275724512663,4,12,59,1710,18213.267602294913,3
random_sparse,9,DMS_at_300,19233.252246815486,20,48,577,1749,18102.27147882949,12
random_sparse,9,DMS_at_500,18041.242384899022,0,0,0,1734,18041.242384899022,0
random_sparse,9,DMS_at_1000,20119.25265805186,28,90,1123,1725,18394.232264697905,32
random_sparse,9,DMS_at_1500,18243.248997617164,7,10,138,1718,18063.2566024543,7
random_sparse,9,random_start_0,23044.277575094842,48,150,1742,1743,18532.23970356299,59
random_sparse,9,random_start_1,21908.21157873689,41,141,1674,1729,18772.21399235268,58
random_sparse,9,random_start_2,22565.261020517326,45,147,1729,1734,18661.26113906507,62
random_sparse,9,random_start_3,22878.245715178036,46,149,1707,1711,18274.228536632516,63
random_sparse,9,random_start_4,22354.247809514192,47,145,1721,1738,18499.24301137675,53
random_sparse,10,DMS,16032.217612050013,20,41,598,1774,15280.247962615204,16
random_sparse,10,DMS_split,15069.24042141706,0,0,0,1777,15069.24042141706,0
random_sparse,10,MS_split,18944.254388202065,41,114,1740,1794,15445.246997231081,40
random_sparse,10,split_at_50,14983.259386115145,0,0,0,1770,14983.259386115145,0
random_sparse,10,split_at_100,15062.236113321529,0,0,0,1832,15062.236113321529,0
random_sparse,10,split_at_300,14981.267772265219,0,0,0,1792,14981.267772265219,0
random_sparse,10,split_at_500,14978.265945841495,0,0,6,1786,14978.265945841495,0
random_sparse,10,split_at_1000,15003.241219031548,0,0,0,1779,15003.241219031548,0
random_sparse,10,split_at_1500,15001.258066909248,0,0,0,1801,15001.258066909248,0
random_sparse,10,DMS_at_50,15212.242895001595,7,8,80,1801,15095.246240971472,6
random_sparse,10,DMS_at_100,16116.228473618829,17,42,661,1799,15087.237176368524,16
random_sparse,10,DMS_at_300,16152.271005993434,21,48,610,1783,15180.262845106041,17
random_sparse,10,DMS_at_500,15528.253606213048,9,16,182,1792,15181.253476610977,11
random_sparse,10,DMS_at_1000,15843.243495231107,12,29,399,1800,15072.254530315562,17
random_sparse,10,DMS_at_1500,15749.256955412644,16,33,417,1819,15181.242871507222,14
random_sparse,10,random_start_0,19218.253797103927,48,128,1792,1792,15680.197523226108,51
random_sparse,10,random_start_1,18618.291103785756,45,123,1777,1795,15281.216629110426,56
random_sparse,10,random_start_2,19095.25616561828,46,124,1805,1811,15515.24027533419,44
random_sparse,10,random_start_3,18946.27274733802,44,126,1807,1819,15755.276161237583,52
random_sparse,10,random_start_4,19534.270489240487,46,126,1789,1794,15695.276257130421,49
random_sparse,11,DMS,14364.224397390133,1,3,8,1779,14338.229511085148,1
random_sparse,11,DMS_split,14460.260960860855,0,0,3,1745,14460.260960860855,0
random_sparse,11,MS_split,16848.250935061897,36,94,1423,1795,14628.250954270296,29
random_sparse,11,split_at_50,14302.23481790239,0,0,0,1790,14302.23481790239,0
random_sparse,11,split_at_100,14343.214767310572,0,0,0,1789,14343.214767310572,0
random_sparse,11,split_at_300,14517.298893070312,0,0,0,1796,14517.298893070312,0
random_sparse,11,split_at_500,14390.239903068585,0,0,0,1779,14390.239903068585,0
random_sparse,11,split_at_1000,14302.23481790239,0,0,0,1792,14302.23481790239,0
random_sparse,11,split_at_1500,14302.23481790239,0,0,0,1796,14302.23481790239,0
random_sparse,11,DMS_at_50,15574.267226602242,18,49,780,1796,14664.27057321319,21
random_sparse,11,DMS_at_100,14638.217879040354,6,9,126,1778,14400.22273786389,6
random_sparse,11,DMS_at_300,15924.257266155102,22,62,958,1773,14890.24676447558,25
random_sparse,11,DMS_at_500,14735.236876251698,11,19,198,1765,14446.242161735077,7
random_sparse,11,DMS_at_1000,14302.23481790239,0,0,0,1819,14302.23481790239,0
random_sparse,11,DMS_at_1500,14461.226619734447,5,7,44,1785,14338.229511085148,5
random_sparse,11,random_start_0,18617.26461844352,44,119,1789,1805,14723.235126285213,55
random_sparse,11,random_start_1,18690.251461924177,45,123,1776,1778,15172.239116702534,49
random_sparse,11,random_start_2,18171.25302837292,44,116,1730,1761,15023.263966244907,48
random_sparse,11,random_start_3,18321.21324991828,48,121,1764,1784,14941.228317711886,50
random_sparse,11,random_start_4,18684.254712933398,47,121,1774,1786,15053.233856333018,59
random_sparse,12,DMS,12422.244433377842,0,0,0,1835,12422.244433377842,0
random_sparse,12,DMS_split,12607.258589866411,0,0,0,1855,12607.258589866411,0
random_sparse,12,MS_split,14555.239956922633,35,78,1336,1820,12794.266917477318,27
random_sparse,12,split_at_50,12511.225135470371,0,0,8,1812,12511.225135470371,0
random_sparse,12,split_at_100,12409.245602886913,0,0,0,1835,12409.245602886913,0
random_sparse,12,split_at_300,12590.226907492994,0,0,0,1838,12590.226907492994,0
random_sparse,12,split_at_500,12422.244433377842,0,0,0,1838,12422.244433377842,0
random_sparse,12,split_at_1000,12422.244433377842,0,0,0,1781,12422.244433377842,0
random_sparse,12,split_at_1500,12422.244433377842,0,0,0,1844,12422.244433377842,0
random_sparse,12,DMS_at_50,13637.2461704969,23,48,881,1830,12934.239641205524,18
random_sparse,12,DMS_at_100,12668.215100039477,7,10,122,1829,12441.233904623914,8
random_sparse,12,DMS_at_300,13654.265819980788,22,44,756,1834,12641.270969869385,17
random_sparse,12,DMS_at_500,12714.24126378741,5,13,145,1859,12478.232783746895,6
random_sparse,12,DMS_at_1000,12422.244433377842,0,0,0,1834,12422.244433377842,0
random_sparse,12,DMS_at_1500,12422.244433377842,0,0,0,1848,12422.244433377842,0
random_sparse,12,random_start_0,15624.276018257302,41,104,1799,1830,12878.251381878305,48
random_sparse,12,random_start_1,15926.277765148207,43,97,1758,1827,13049.246205917774,57
random_sparse,12,random_start_2,15884.295474288807,46,105,1816,1832,12957.24088264131,52
random_sparse,12,random_start_3,16147.28567792496,42,97,1778,1841,12809.267347228644,56
random_sparse,12,random_start_4,16400.26624761834,44,107,1835,1839,13059.251515297361,48
random_sparse,13,DMS,13481.274757260015,0,0,0,1817,13481.274757260015,0
random_sparse,13,DMS_split,13792.256528198006,0,0,0,1853,13792.256528198006,0
random_sparse,13,MS_split,17424.246617003155,44,110,1719,1835,13813.270668768504,46
random_sparse,13,split_at_50,13623.237260414875,0,0,22,1814,13623.237260414875,0
random_sparse,13,split_at_100,13492.263962636647,0,0,0,1827,13492.263962636647,0
random_sparse,13,split_at_300,13481.274757260015,0,0,0,1835,13481.274757260015,0
random_sparse,13,split_at_500,13769.277614396242,0,0,9,1824,13769.277614396242,0
random_sparse,13,split_at_1000,13481.274757260015,0,0,0,1828,13481.274757260015,0
random_sparse,13,split_at_1500,13481.274757260015,0,0,0,1837,13481.274757260015,0
random_sparse,13,DMS_at_50,14098.23048756211,13,25,376,1846,13794.258376045938,13
random_sparse,13,DMS_at_100,14129.253926965977,11,13,230,1834,13601.282784711353,8
random_sparse,13,DMS_at_300,13481.274757260015,0,0,0,1804,13481.274757260015,0
random_sparse,13,DMS_at_500,14552.259731382675,16,40,655,1833,14144.252916947165,13
random_sparse,13,DMS_at_1000,13481.274757260015,0,0,0,1839,13481.274757260015,0
random_sparse,13,DMS_at_1500,13481.274757260015,0,0,0,1854,13481.274757260015,0
random_sparse,13,random_start_0,18205.248099563898,49,117,1802,1802,13705.255090558989,85
random_sparse,13,random_start_1,17919.238436063053,47,117,1811,1811,14124.229063025945,54
random_sparse,13,random_start_2,17462.245425442776,46,117,1825,1828,13870.288873376401,55
random_sparse,13,random_start_3,17178.261920221736,45,116,1841,1841,14316.229783157733,60
random_sparse,13,random_start_4,17709.26394818676,47,116,1823,1823,14175.252603479994,52
random_sparse,14,DMS,15546.227818524543,19,46,704,1769,14594.224600257392,26
random_sparse,14,DMS_split,14356.240783441535,0,0,0,1807,14356.240783441535,0
random_sparse,14,MS_split,16849.22264979227,37,103,1552,1762,14575.20901508053,28
random_sparse,14,split_at_50,14446.260026900482,0,0,6,1779,14446.260026900482,0
random_sparse,14,split_at_100,14362.230516126094,0,0,0,1776,14362.230516126094,0
random_sparse,14,split_at_300,14341.230124548296,0,0,0,1760,14341.230124548296,0
random_sparse,14,split_at_500,14434.241016940588,0,0,0,1776,14434.241016940588,0
random_sparse,14,split_at_1000,14385.267957098362,0,0,0,1779,14385.267957098362,0
random_sparse,14,split_at_1500,14431.200176696007,0,0,10,1755,14431.200176696007,0
random_sparse,14,DMS_at_50,14901.259828819682,12,17,213,1765,14499.246505446836,9
random_sparse,14,DMS_at_100,15625.23993715834,21,50,718,1761,14428.252565588764,20
random_sparse,14,DMS_at_300,14341.230124548296,0,0,0,1776,14341.230124548296,0
random_sparse,14,DMS_at_500,15100.25492341008,14,22,313,1788,14594.260986833251,12
random_sparse,14,DMS_at_1000,14870.262539459178,11,22,276,1759,14489.265698762158,7
random_sparse,14,DMS_at_1500,15779.248202384088,19,46,647,1754,14707.238888199725,23
random_sparse,14,random_start_0,18177.26894082504,45,120,1780,1788,15125.257465809163,42
random_sparse,14,random_start_1,18321.24196945498,44,117,1773,1782,15041.224882396442,52
random_sparse,14,random_start_2,18239.238796533216,42,119,1736,1778,14821.21627684483,50
random_sparse,14,random_start_3,18488.24202431014,46,121,1748,1758,14983.219533268666,52
random_sparse,14,random_start_4,18764.226911361027,46,121,1750,1753,15036.252121790627,50
random_sparse,15,DMS,12967.253657544954,1,4,6,1777,12918.255921061393,1
random_sparse,15,DMS_split,13061.265443378665,0,0,8,1791,13061.265443378665,0
random_sparse,15,MS_split,14453.275672524996,25,52,996,1791,13088.274978804178,18
random_sparse,15,split_at_50,13018.270446105349,0,0,0,1785,13018.270446105349,0
random_sparse,15,split_at_100,13019.276799365429,0,0,51,1778,13019.276799365429,0
random_sparse,15,split_at_300,13145.246479870279,0,0,0,1795,13145.246479870279,0
random_sparse,15,split_at_500,12901.276311800104,0,0,0,1794,12901.276311800104,0
random_sparse,15,split_at_1000,13011.281960766404,0,0,5,1791,13011.281960766404,0
random_sparse,15,split_at_1500,13090.272437810154,0,0,4,1776,13090.272437810154,0
random_sparse,15,DMS_at_50,14090.267004473093,20,49,788,1786,13056.263395869475,27
random_sparse,15,DMS_at_100,13795.264942051428,18,42,672,1776,13137.293249413635,27
random_sparse,15,DMS_at_300,14236.240866522956,19,46,818,1757,13230.240876138556,19
random_sparse,15,DMS_at_500,12910.28262448715,2,2,0,1780,12903.27840662545,1
random_sparse,15,DMS_at_1000,14121.273346112575,17,44,699,1793,13271.267909543309,22
random_sparse,15,DMS_at_1500,14320.245795691419,22,44,830,1782,13339.231844705857,22
random_sparse,15,random_start_0,16357.262133418195,47,112,1774,1775,13406.261372285604,56
random_sparse,15,random_start_1,16668.27431212965,46,111,1788,1788,13522.256959841774,54
random_sparse,15,random_start_2,16546.2485868102,44,108,1773,1795,13628.258960618374,51
random_sparse,15,random_start_3,16812.280886679375,47,107,1761,1768,13463.268914728305,56
random_sparse,15,random_start_4,16171.2511703042,40,109,1772,1786,13775.261202601698,38
random_sparse,16,DMS,15631.244068372389,0,0,0,1842,15631.244068372389,0
random_sparse,16,DMS_split,15741.257087817654,0,0,7,1835,15741.257087817654,0
random_sparse,16,MS_split,17948.23327518117,30,105,1459,1849,15777.251159928705,26
random_sparse,16,split_at_50,15675.249493984227,0,0,0,1825,15675.249493984227,0
random_sparse,16,split_at_100,15780.25016707091,0,0,0,1836,15780.25016707091,0
random_sparse,16,split_at_300,15767.250378116569,0,0,0,1853,15767.250378116569,0
random_sparse,16,split_at_500,15631.244068372389,0,0,0,1848,15631.244068372389,0
random_sparse,16,split_at_1000,15631.244068372389,0,0,0,1862,15631.244068372389,0
random_sparse,16,split_at_1500,15631.244068372389,0,0,0,1858,15631.244068372389,0
random_sparse,16,DMS_at_50,16021.251397015278,9,15,246,1837,15796.256971029843,6
random_sparse,16,DMS_at_100,16594.259027098095,14,37,496,1829,15895.25811244921,15
random_sparse,16,DMS_at_300,16614.257858540946,16,33,481,1855,15780.26955879447,21
random_sparse,16,DMS_at_500,15631.244068372389,0,0,0,1844,15631.244068372389,0
random_sparse,16,DMS_at_1000,15631.244068372389,0,0,0,1843,15631.244068372389,0
random_sparse,16,DMS_at_1500,15631.244068372389,0,0,0,1835,15631.244068372389,0
random_sparse,16,random_start_0,20122.268952676903,50,133,1858,1858,16273.258131916999,64
random_sparse,16,random_start_1,19946.27577582277,45,128,1796,1848,16173.28979678492,51
random_sparse,16,random_start_2,19778.21664225284,45,131,1809,1826,16295.250714322945,53
random_sparse,16,random_start_3,20216.29064123731,48,132,1837,1837,16038.260286761804,65
random_sparse,16,random_start_4,19861.21010073395,46,132,1847,1848,16159.230665713181,64
random_sparse,17,DMS,14326.220470951052,21,30,469,1809,13726.231910282693,16
random_sparse,17,DMS_split,13372.223086413625,0,0,51,1833,13372.223086413625,0
random_sparse,17,MS_split,16478.247107749394,40,106,1730,1816,13489.26380959165,38
random_sparse,17,split_at_50,13247.24622669015,0,0,1,1811,13247.24622669015,0
random_sparse,17,split_at_100,13262.234114477047,0,0,0,1842,13262.234114477047,0
random_sparse,17,split_at_300,13201.275677335032,0,0,0,1840,13201.275677335032,0
random_sparse,17,split_at_500,13379.278106966538,0,0,0,1842,13379.278106966538,0
random_sparse,17,split_at_1000,13242.247786590617,0,0,3,1841,13242.247786590617,0
random_sparse,17,split_at_1500,13354.264289776198,0,0,0,1816,13354.264289776198,0
random_sparse,17,DMS_at_50,13822.222078309691,14,22,243,1831,13465.243494810391,10
random_sparse,17,DMS_at_100,14119.242800315618,12,29,520,1828,13544.241041770245,11
random_sparse,17,DMS_at_300,14956.244036054413,24,74,1182,1841,13365.257177278028,30
random_sparse,17,DMS_at_500,14071.27990533155,16,32,572,1818,13518.272511011084,11
random_sparse,17,DMS_at_1000,13987.271672674591,11,34,549,1840,13347.256894484322,9
random_sparse,17,DMS_at_1500,13736.261950261138,6,11,144,1824,13510.26017327918,8
random_sparse,17,random_start_0,17158.25167880352,47,114,1819,1819,14001.233293621666,55
random_sparse,17,random_start_1,17544.218040379383,44,111,1803,1824,13542.263065862544,55
random_sparse,17,random_start_2,16555.25793783485,40,110,1785,1818,13824.214695891149,55
random_sparse,17,random_start_3,16899.261980358326,44,111,1809,1809,13955.279053496071,51
random_sparse,17,random_start_4,16986.256089052422,47,114,1814,1814,13918.248747805428,53
random_sparse,18,DMS,13076.22586628662,0,0,0,1777,13076.22586628662,0
random_sparse,18,DMS_split,13389.253358381759,0,0,9,1789,13389.253358381759,0
random_sparse,18,MS_split,14743.237231684336,23,57,1029,1772,13330.219766952961,18
random_sparse,18,split_at_50,13161.272359060116,0,0,0,1763,13161.272359060116,0
random_sparse,18,split_at_100,13246.22043470455,0,0,0,1764,13246.22043470455,0
random_sparse,18,split_at_300,13218.241764196944,0,1,5,1787,13218.241764196944,0
random_sparse,18,split_at_500,13076.22586628662,0,0,0,1785,13076.22586628662,0
random_sparse,18,split_at_1000,13076.22586628662,0,0,0,1760,13076.22586628662,0
random_sparse,18,split_at_1500,13076.22586628662,0,0,0,1781,13076.22586628662,0
random_sparse,18,DMS_at_50,14348.247833018675,18,51,709,1789,13270.261454086527,27
random_sparse,18,DMS_at_100,14355.216912291995,21,41,622,1768,13430.218391824466,24
random_sparse,18,DMS_at_300,13828.222277662637,13,28,460,1774,13377.239108296597,11
random_sparse,18,DMS_at_500,13076.22586628662,0,0,0,1780,13076.22586628662,0
random_sparse,18,DMS_at_1000,13076.22586628662,0,0,0,1777,13076.22586628662,0
random_sparse,18,DMS_at_1500,13076.22586628662,0,0,0,1795,13076.22586628662,0
random_sparse,18,random_start_0,16690.24955982862,46,110,1789,1789,13745.199415598696,54
random_sparse,18,random_start_1,16619.227497474887,46,109,1754,1769,13807.217547286498,54
random_sparse,18,random_start_2,17072.23762809332,44,112,1755,1757,13794.230899993634,57
random_sparse,18,random_start_3,16940.221582415637,46,107,1746,1796,13502.21911771409,48
random_sparse,18,random_start_4,17017.245138899932,46,107,1709,1762,13698.255230469802,61
random_sparse,19,DMS,12520.257702522513,0,0,0,1843,12520.257702522513,0
random_sparse,19,DMS_split,12609.262315648457,0,0,0,1842,12609.262315648457,0
random_sparse,19,MS_split,14755.251308856832,34,75,1328,1826,12752.2248420162,36
random_sparse,19,split_at_50,12633.272893498335,0,0,0,1830,12633.272893498335,0
random_sparse,19,split_at_100,12543.278532482824,0,0,0,1851,12543.278532482824,0
random_sparse,19,split_at_300,12605.2751365583,0,0,0,1823,12605.2751365583,0
random_sparse,19,split_at_500,12590.244195755027,0,0,0,1790,12590.244195755027,0
random_sparse,19,split_at_1000,12520.257702522513,0,0,0,1841,12520.257702522513,0
random_sparse,19,split_at_1500,12520.257702522513,0,0,0,1802,12520.257702522513,0
random_sparse,19,DMS_at_50,13449.25539190335,14,35,693,1812,12976.255514423805,10
random_sparse,19,DMS_at_100,12900.262629625935,7,17,292,1800,12570.272171384357,9
random_sparse,19,DMS_at_300,12942.279429621281,8,8,150,1853,12615.276598859782,11
random_sparse,19,DMS_at_500,13259.26063372455,13,27,449,1832,12615.23846618001,12
random_sparse,19,DMS_at_1000,12520.257702522513,0,0,0,1831,12520.257702522513,0
random_sparse,19,DMS_at_1500,12520.257702522513,0,0,0,1820,12520.257702522513,0
random_sparse,19,random_start_0,15755.263516378993,44,104,1814,1844,13121.25632572847,56
random_sparse,19,random_start_1,17322.237717172608,48,109,1813,1813,12984.269301506598,64
random_sparse,19,random_start_2,15676.299652978698,39,107,1813,1832,13073.267682581187,48
random_sparse,19,random_start_3,16169.251600440559,47,109,1833,1833,13154.260561338308,53
random_sparse,19,random_start_4,16261.28108523943,44,106,1836,1849,12987.28875431318,60
random_sparse,20,DMS,16090.282846211408,0,0,0,1827,16090.282846211408,0
random_sparse,20,DMS_split,16195.27419353796,0,0,19,1824,16195.27419353796,0
random_sparse,20,MS_split,17798.258421456263,24,73,831,1821,16417.290643502707,22
random_sparse,20,split_at_50,16201.248765018267,0,0,0,1813,16201.248765018267,0
random_sparse,20,split_at_100,16264.259155128197,0,0,0,1801,16264.259155128197,0
random_sparse,20,split_at_300,16090.282846211408,0,0,0,1805,16090.282846211408,0
random_sparse,20,split_at_500,16090.282846211408,0,0,0,1800,16090.282846211408,0
random_sparse,20,split_at_1000,16090.282846211408,0,0,0,1806,16090.282846211408,0
random_sparse,20,split_at_1500,16090.282846211408,0,0,0,1822,16090.282846211408,0
random_sparse,20,DMS_at_50,16630.24190979841,11,25,281,1820,16287.264434975206,12
random_sparse,20,DMS_at_100,17536.238602604164,20,65,814,1809,16349.237688683714,18
random_sparse,20,DMS_at_300,16090.282846211408,0,0,0,1804,16090.282846211408,0
random_sparse,20,DMS_at_500,16090.282846211408,0,0,0,1813,16090.282846211408,0
random_sparse,20,DMS_at_1000,16090.282846211408,0,0,0,1821,16090.282846211408,0
random_sparse,20,DMS_at_1500,16090.282846211408,0,0,0,1807,16090.282846211408,0
random_sparse,20,random_start_0,21146.29519444408,47,137,1811,1811,16753.253772511445,51
random_sparse,20,random_start_1,20373.255212066957,44,134,1805,1808,16861.226482531147,54
random_sparse,20,random_start_2,20665.273652616444,46,132,1794,1794,17148.20795043402,52
random_sparse,20,random_start_3,20887.220824833905,46,136,1803,1809,16765.247285779107,46
random_sparse,20,random_start_4,20673.28465188822,46,134,1832,1832,16439.22132540069,58
random_sparse,21,DMS,13484.274777898272,12,20,220,1813,13128.286194255255,14
random_sparse,21,DMS_split,12955.26337659427,0,0,1,1818,12955.26337659427,0
random_sparse,21,MS_split,15413.261089994843,38,95,1626,1815,13212.273875914669,33
random_sparse,21,split_at_50,12922.234784621665,0,0,4,1839,12922.234784621665,0
random_sparse,21,split_at_100,12976.229239405091,0,0,0,1820,12976.229239405091,0
random_sparse,21,split_at_300,12955.230377752165,0,0,3,1813,12955.230377752165,0
random_sparse,21,split_at_500,12954.247878045959,0,0,0,1802,12954.247878045959,0
random_sparse,21,split_at_1000,12969.233228266428,0,0,0,1792,12969.233228266428,0
random_sparse,21,split_at_1500,12880.219415468453,0,0,0,1797,12880.219415468453,0
random_sparse,21,DMS_at_50,13436.237771700704,13,22,304,1801,13003.25320362908,8
random_sparse,21,DMS_at_100,13873.228119701394,12,35,577,1798,13151.233446267812,11
random_sparse,21,DMS_at_300,14658.234411792891,27,65,1018,1772,13088.223112212798,30
random_sparse,21,DMS_at_500,14292.246292751752,20,51,936,1810,13273.242489299648,28
random_sparse,21,DMS_at_1000,13855.25504411331,20,44,683,1807,13300.253684384175,17
random_sparse,21,DMS_at_1500,13761.239132462133,16,38,530,1827,12965.213014876786,15
random_sparse,21,random_start_0,16440.219345602505,43,110,1783,1783,13325.24632113498,52
random_sparse,21,random_start_1,16750.27177218699,41,110,1795,1806,13479.241580319363,56
random_sparse,21,random_start_2,16983.24825008562,46,112,1821,1821,13381.2771886134,49
random_sparse,21,random_start_3,16693.2587852063,49,111,1805,1805,13340.204330998238,56
random_sparse,21,random_start_4,16577.235680127465,42,106,1766,1809,13277.242232805269,47
random_sparse,22,DMS,15605.25060330356,16,30,401,1769,15159.228197609422,12
random_sparse,22,DMS_split,14995.257513770912,0,0,0,1750,14995.257513770912,0
random_sparse,22,MS_split,17541.255228238002,38,108,1530,1754,15304.233369225874,31
random_sparse,22,split_at_50,14922.222159026149,0,0,2,1737,14922.222159026149,0
random_sparse,22,split_at_100,14874.27344942434,0,0,0,1761,14874.27344942434,0
random_sparse,22,split_at_300,14795.258963534054,0,0,0,1766,14795.258963534054,0
random_sparse,22,split_at_500,14792.268696643609,0,0,0,1780,14792.268696643609,0
random_sparse,22,split_at_1000,14925.25479514629,0,0,0,1763,14925.25479514629,0
random_sparse,22,split_at_1500,15048.241369393201,0,0,10,1759,15048.241369393201,0
random_sparse,22,DMS_at_50,15542.223198480753,13,33,477,1753,14978.23131884998,10
random_sparse,22,DMS_at_100,16563.262586394725,25,68,922,1780,15058.256546115688,29
random_sparse,22,DMS_at_300,14806.263981327404,1,1,0,1761,14804.260155853926,1
random_sparse,22,DMS_at_500,15152.244629466331,11,16,117,1737,15007.253104846057,7
random_sparse,22,DMS_at_1000,15533.271268597186,11,32,349,1791,15015.273869050397,15
random_sparse,22,DMS_at_1500,16028.226144742734,20,45,610,1767,15206.244901784547,22
random_sparse,22,random_start_0,18186.244643499453,41,116,1711,1768,15330.247149968416,45
random_sparse,22,random_start_1,18730.23683213127,46,125,1807,1810,15403.235582944455,50
random_sparse,22,random_start_2,19407.25874062603,45,126,1741,1741,15413.257745367287,63
random_sparse,22,random_start_3,18943.267657629094,46,123,1760,1768,15412.259507356868,63
random_sparse,22,random_start_4,19201.238489258303,45,125,1715,1745,15469.225922435524,58
random_sparse,23,DMS,15147.25484431489,0,0,0,1820,15147.25484431489,0
random_sparse,23,DMS_split,15229.246606833227,0,0,0,1809,15229.246606833227,0
random_sparse,23,MS_split,19002.262241725235,43,121,1680,1810,15531.252818915975,55
random_sparse,23,split_at_50,15513.270898339013,0,0,5,1790,15513.270898339013,0
random_sparse,23,split_at_100,15252.246591177185,0,0,0,1800,15252.246591177185,0
random_sparse,23,split_at_300,15263.24333354384,0,0,0,1800,15263.24333354384,0
random_sparse,23,split_at_500,15286.246591302332,0,0,0,1810,15286.246591302332,0
random_sparse,23,split_at_1000,15356.259584733796,0,0,3,1822,15356.259584733796,0
random_sparse,23,split_at_1500,15147.25484431489,0,0,0,1809,15147.25484431489,0
random_sparse,23,DMS_at_50,16945.277487563668,21,62,910,1780,15685.279066054722,23
random_sparse,23,DMS_at_100,15510.257318608656,9,13,177,1805,15245.25291803609,11
random_sparse,23,DMS_at_300,16327.278404921552,17,41,581,1813,15549.256479120793,18
random_sparse,23,DMS_at_500,16777.258166171996,25,76,1114,1798,15544.23438299869,40
random_sparse,23,DMS_at_1000,15858.272691874858,10,25,322,1803,15413.274253386506,16
random_sparse,23,DMS_at_1500,15147.25484431489,0,0,0,1834,15147.25484431489,0
random_sparse,23,random_start_0,19030.257436162763,43,122,1772,1802,15965.308789707686,46
random_sparse,23,random_start_1,19823.26096491975,47,129,1803,1803,15723.261687376595,56
random_sparse,23,random_start_2,19533.2269869068,47,128,1820,1820,15686.220518319455,50
random_sparse,23,random_start_3,18716.271197020378,42,118,1807,1836,15827.223842375453,48
random_sparse,23,random_start_4,19373.26120815352,46,129,1797,1797,15739.255735411156,64
random_sparse,24,DMS,15507.240569965501,26,65,1091,1865,14199.25802363465,28
random_sparse,24,DMS_split,13806.215569422671,0,0,0,1871,13806.215569422671,0
random_sparse,24,MS_split,17109.238809560404,45,113,1816,1877,14480.25035291571,38
random_sparse,24,split_at_50,13761.231291622342,0,0,2,1871,13761.231291622342,0
random_sparse,24,split_at_100,13708.247481036367,0,0,0,1863,13708.247481036367,0
random_sparse,24,split_at_300,13727.242949981446,0,0,0,1873,13727.242949981446,0
random_sparse,24,split_at_500,13906.245219035578,0,0,3,1860,13906.245219035578,0
random_sparse,24,split_at_1000,13711.243008348285,0,0,0,1876,13711.243008348285,0
random_sparse,24,split_at_1500,13815.24393292597,0,0,0,1861,13815.24393292597,0
random_sparse,24,DMS_at_50,13918.227622488093,5,5,35,1860,13789.235211865524,4
random_sparse,24,DMS_at_100,13834.246873010241,1,3,38,1873,13744.250537162447,2
random_sparse,24,DMS_at_300,14035.22177319122,7,11,177,1873,13750.223518014938,8
random_sparse,24,DMS_at_500,15644.247090038121,28,63,1095,1901,14173.247287173614,28
random_sparse,24,DMS_at_1000,13724.236907753817,1,0,0,1861,13711.243008348285,1
random_sparse,24,DMS_at_1500,14417.249138087545,11,26,448,1893,13980.241890972227,12
random_sparse,24,random_start_0,17874.25424860821,46,115,1838,1883,14186.225366334445,57
random_sparse,24,random_start_1,17484.25572177803,44,114,1853,1861,14197.27130755963,54
random_sparse,24,random_start_2,16872.232420107517,41,110,1834,1886,14450.236805740298,47
random_sparse,24,random_start_3,17912.226471108315,46,118,1873,1873,14341.235872204381,56
random_sparse,24,random_start_4,17780.253529823232,48,117,1900,1900,14416.237064907837,47
random_sparse,25,DMS,15381.27606154882,0,0,0,1746,15381.27606154882,0
random_sparse,25,DMS_split,15422.269928295913,0,0,0,1782,15422.269928295913,0
random_sparse,25,MS_split,17845.238068270653,39,91,1432,1782,15830.249249157187,28
random_sparse,25,split_at_50,15422.269928295913,0,0,0,1776,15422.269928295913,0
random_sparse,25,split_at_100,15650.259687990094,0,0,0,1766,15650.259687990094,0
random_sparse,25,split_at_300,15622.284343022926,0,0,0,1770,15622.284343022926,0
random_sparse,25,split_at_500,15529.266411592682,0,0,3,1790,15529.266411592682,0
random_sparse,25,split_at_1000,15381.27606154882,0,0,0,1776,15381.27606154882,0
random_sparse,25,split_at_1500,15381.27606154882,0,0,0,1794,15381.27606154882,0
random_sparse,25,DMS_at_50,15511.271096503999,3,7,56,1779,15422.269928295913,1
random_sparse,25,DMS_at_100,17028.25394167894,19,50,830,1744,15723.280326913045,24
random_sparse,25,DMS_at_300,16302.266702862476,14,33,355,1778,15624.262238335365,15
random_sparse,25,DMS_at_500,16853.224666658858,19,59,753,1757,15739.262884593192,28
random_sparse,25,DMS_at_1000,15381.27606154882,0,0,0,1772,15381.27606154882,0
random_sparse,25,DMS_at_1500,15381.27606154882,0,0,0,1764,15381.27606154882,0
random_sparse,25,random_start_0,19936.24683905754,48,129,1780,1785,15993.296040939991,52
random_sparse,25,random_start_1,19764.246961999477,43,128,1774,1779,15994.249021555272,55
random_sparse,25,random_start_2,19609.253786946443,45,129,1742,1745,15892.229681182682,54
random_sparse,25,random_start_3,19014.287364065396,41,124,1708,1782,16121.272693226883,47
random_sparse,25,random_start_4,19700.271783287808,45,128,1763,1780,15775.259399946139,57
random_sparse,26,DMS,16637.261911785816,5,12,76,1705,16359.269761364572,2
random_sparse,26,DMS_split,16363.325491373582,0,0,0,1696,16363.325491373582,0
random_sparse,26,MS_split,19160.28179132561,36,111,1463,1691,16513.273392187708,40
random_sparse,26,split_at_50,16431.243226090093,0,0,0,1711,16431.243226090093,0
random_sparse,26,split_at_100,16355.239948848624,0,0,2,1682,16355.239948848624,0
random_sparse,26,split_at_300,16373.274742093083,0,0,0,1716,16373.274742093083,0
random_sparse,26,split_at_500,16318.260063426069,0,0,33,1717,16318.260063426069,0
random_sparse,26,split_at_1000,16439.252466948197,0,0,6,1720,16439.252466948197,0
random_sparse,26,split_at_1500,16318.260063426069,0,0,30,1705,16318.260063426069,0
random_sparse,26,DMS_at_50,17727.22532721025,22,74,966,1705,16605.233128410262,27
random_sparse,26,DMS_at_100,17076.244290574865,15,31,355,1709,16393.25330264254,18
random_sparse,26,DMS_at_300,17524.25678673576,17,55,703,1674,16559.265376627605,15
random_sparse,26,DMS_at_500,18308.25176137168,24,83,1031,1705,16784.265753548305,28
random_sparse,26,DMS_at_1000,18210.241444367333,30,83,1143,1717,16694.262917723583,25
random_sparse,26,DMS_at_1500,16752.27356302748,7,18,142,1706,16346.278433433727,12
random_sparse,26,random_start_0,20878.242414838547,48,136,1702,1702,17228.235104222815,44
random_sparse,26,random_start_1,20340.238737044932,45,129,1697,1701,16916.27327663773,54
random_sparse,26,random_start_2,20248.28464123046,43,131,1663,1686,16679.28462104181,71
random_sparse,26,random_start_3,20369.233686358908,46,135,1675,1677,16847.25928927745,46
random_sparse,26,random_start_4,20295.292373373613,45,134,1693,1706,16828.27647744283,51
random_sparse,27,DMS,13131.276252762396,0,0,0,1835,13131.276252762396,0
random_sparse,27,DMS_split,13259.268061617755,0,0,0,1808,13259.268061617755,0
random_sparse,27,MS_split,15578.279768263234,36,81,1459,1795,13406.298004133525,30
random_sparse,27,split_at_50,13248.26001971629,0,0,0,1800,13248.26001971629,0
random_sparse,27,split_at_100,13161.28245995556,0,0,0,1772,13161.28245995556,0
random_sparse,27,split_at_300,13253.300063333185,0,0,0,1817,13253.300063333185,0
random_sparse,27,split_at_500,13131.276252762396,0,0,0,1820,13131.276252762396,0
random_sparse,27,split_at_1000,13131.276252762396,0,0,0,1817,13131.276252762396,0
random_sparse,27,split_at_1500,13131.276252762396,0,0,0,1805,13131.276252762396,0
random_sparse,27,DMS_at_50,13467.253128122988,7,20,216,1819,13313.265553412988,3
random_sparse,27,DMS_at_100,13686.264715366615,11,21,322,1835,13228.258933217381,9
random_sparse,27,DMS_at_300,13806.299350930238,11,14,249,1817,13405.292578989458,10
random_sparse,27,DMS_at_500,13172.278906508538,2,1,30,1805,13151.274036687002,1
random_sparse,27,DMS_at_1000,13131.276252762396,0,0,0,1814,13131.276252762396,0
random_sparse,27,DMS_at_1500,13131.276252762396,0,0,0,1821,13131.276252762396,0
random_sparse,27,random_start_0,16863.264714236033,48,114,1806,1806,13751.255963914671,53
random_sparse,27,random_start_1,17093.278696839614,44,113,1812,1812,13731.274808353412,47
random_sparse,27,random_start_2,16490.23198930351,46,114,1829,1829,13624.278127966529,53
random_sparse,27,random_start_3,16938.264692004268,45,112,1815,1815,13764.281203350994,47
random_sparse,27,random_start_4,17741.25017383347,48,113,1825,1825,13723.303321128222,44
random_sparse,28,DMS,13351.29198933138,7,15,148,1633,12908.270306410002,7
random_sparse,28,DMS_split,12955.255657423086,0,0,0,1629,12955.255657423086,0
random_sparse,28,MS_split,15697.258473569562,39,89,1397,1620,13278.267070342996,29
random_sparse,28,split_at_50,12931.26581232441,0,0,0,1654,12931.26581232441,0
random_sparse,28,split_at_100,12940.267541929892,0,0,0,1631,12940.267541929892,0
random_sparse,28,split_at_300,13017.27123256064,0,0,0,1657,13017.27123256064,0
random_sparse,28,split_at_500,13021.249287158564,0,0,0,1616,13021.249287158564,0
random_sparse,28,split_at_1000,13120.25082684572,0,0,5,1663,13120.25082684572,0
random_sparse,28,split_at_1500,13023.239655445226,0,0,0,1658,13023.239655445226,0
random_sparse,28,DMS_at_50,14254.245423608121,26,53,807,1669,13149.246724750816,24
random_sparse,28,DMS_at_100,13063.271739511452,2,5,59,1657,12940.267541929892,4
random_sparse,28,DMS_at_300,13766.256574817824,14,29,475,1676,13241.268481094865,12
random_sparse,28,DMS_at_500,13286.24613624381,8,7,48,1648,13168.258896888512,8
random_sparse,28,DMS_at_1000,14706.263919660263,27,65,1041,1645,13365.240411630872,24
random_sparse,28,DMS_at_1500,13927.240653324261,19,43,553,1649,13131.229948771137,16
random_sparse,28,random_start_0,16527.291510704643,43,109,1631,1637,13603.265789464,42
random_sparse,28,random_start_1,16582.26671886387,45,110,1639,1640,13386.281664359574,53
random_sparse,28,random_start_2,16034.259826957503,41,99,1545,1651,13432.2709885346,69
random_sparse,28,random_start_3,16486.25822629027,44,109,1656,1656,13521.279596291692,43
random_sparse,28,random_start_4,16353.271208245234,43,110,1636,1637,13500.254132279724,46
random_sparse,29,DMS,15828.236892717443,25,50,681,1822,14883.244918587296,17
random_sparse,29,DMS_split,14761.248687070452,0,0,0,1825,14761.248687070452,0
random_sparse,29,MS_split,17348.246922009883,39,101,1569,1845,15223.25441259375,27
random_sparse,29,split_at_50,14705.24275260638,0,0,1,1826,14705.24275260638,0
random_sparse,29,split_at_100,14986.232629337168,0,0,0,1846,14986.232629337168,0
random_sparse,29,split_at_300,14718.263200225165,0,0,0,1828,14718.263200225165,0
random_sparse,29,split_at_500,14639.243914216298,0,0,5,1830,14639.243914216298,0
random_sparse,29,split_at_1000,14714.247814198008,0,0,0,1832,14714.247814198008,0
random_sparse,29,split_at_1500,14650.247446445475,0,0,0,1836,14650.247446445475,0
random_sparse,29,DMS_at_50,15197.234989284098,11,18,241,1845,14854.24695898812,8
random_sparse,29,DMS_at_100,16370.235663862559,26,75,1269,1845,15142.24641007823,26
random_sparse,29,DMS_at_300,15914.273682060866,20,51,794,1828,14860.277847578012,24
random_sparse,29,DMS_at_500,14959.223692471185,7,12,88,1846,14691.237201590835,7
random_sparse,29,DMS_at_1000,15573.22942691618,15,38,453,1840,14864.248385147966,13
random_sparse,29,DMS_at_1500,15731.236202851418,15,37,479,1822,15038.247771174185,19
random_sparse,29,random_start_0,17972.25727807796,42,119,1748,1811,15257.229526517613,47
random_sparse,29,random_start_1,19065.22911000935,49,124,1827,1830,15302.249884023393,57
random_sparse,29,random_start_2,18929.24409945244,45,122,1805,1819,15556.257607541727,45
random_sparse,29,random_start_3,18666.236247505483,44,119,1793,1839,15257.254236133867,51
random_sparse,29,random_start_4,18499.25390637681,41,118,1788,1822,15260.24948788264,49
random_sparse,30,DMS,15384.25999722616,0,0,0,1792,15384.25999722616,0
random_sparse,30,DMS_split,15451.25018592165,0,0,0,1773,15451.25018592165,0
random_sparse,30,MS_split,17565.250982677193,29,92,1255,1785,15585.243662508728,24
random_sparse,30,split_at_50,15414.24613652864,0,0,0,1807,15414.24613652864,0
random_sparse,30,split_at_100,15426.245890950968,0,0,1,1819,15426.245890950968,0
random_sparse,30,split_at_300,15437.271005030392,0,0,0,1809,15437.271005030392,0
random_sparse,30,split_at_500,15591.25328712854,1,2,10,1799,15568.249921649096,1
random_sparse,30,split_at_1000,15576.265513859771,0,0,0,1785,15576.265513859771,0
random_sparse,30,split_at_1500,15437.271005030392,0,0,0,1802,15437.271005030392,0
random_sparse,30,DMS_at_50,16256.267706664154,14,28,290,1784,15735.245604057509,12
random_sparse,30,DMS_at_100,15435.244083812511,1,0,6,1812,15414.24613652864,1
random_sparse,30,DMS_at_300,16455.270330384876,18,36,463,1781,15642.254587565694,19
random_sparse,30,DMS_at_500,16562.26016521089,18,43,583,1795,15723.270439191978,14
random_sparse,30,DMS_at_1000,16136.287335426465,12,27,311,1771,15753.282822034074,9
random_sparse,30,DMS_at_1500,16037.270892135819,11,22,330,1792,15514.274427551663,12
random_sparse,30,random_start_0,19898.29245778478,45,126,1779,1783,15849.288778822307,55
random_sparse,30,random_start_1,19344.25543804871,44,128,1774,1779,16095.273816122146,47
random_sparse,30,random_start_2,19561.258727420147,48,129,1783,1785,15899.237799288143,64
random_sparse,30,random_start_3,19557.249250053617,46,126,1770,1773,15976.240528670138,56
random_sparse,30,random_start_4,19441.267722267858,46,130,1792,1792,15773.275792478562,54
random_sparse,31,DMS,15703.250935270962,20,59,978,1862,14248.236727098427,32
random_sparse,31,DMS_split,14061.271639711282,0,0,5,1822,14061.271639711282,0
random_sparse,31,MS_split,14101.25034893819,4,10,158,1845,13948.25815985348,3
random_sparse,31,split_at_50,13958.24226801493,0,0,0,1838,13958.24226801493,0
random_sparse,31,split_at_100,13904.259752584625,0,0,0,1826,13904.259752584625,0
random_sparse,31,split_at_300,13906.273548462188,0,0,0,1838,13906.273548462188,0
random_sparse,31,split_at_500,13906.273548462188,0,0,0,1846,13906.273548462188,0
random_sparse,31,split_at_1000,13980.25387149448,0,0,0,1838,13980.25387149448,0
random_sparse,31,split_at_1500,14087.243480616482,0,0,11,1844,14087.243480616482,0
random_sparse,31,DMS_at_50,15043.248060888156,19,54,793,1856,14207.233109584775,14
random_sparse,31,DMS_at_100,14203.270646877821,8,9,91,1846,13941.26268937328,6
random_sparse,31,DMS_at_300,13906.273548462188,0,0,0,1842,13906.273548462188,0
random_sparse,31,DMS_at_500,13906.273548462188,0,0,0,1857,13906.273548462188,0
random_sparse,31,DMS_at_1000,15006.253442146042,21,42,622,1824,14171.276052152147,17
random_sparse,31,DMS_at_1500,14675.258609681956,12,36,494,1833,14294.264916444552,6
random_sparse,31,random_start_0,18063.256915803573,45,118,1828,1831,14415.243564885777,60
random_sparse,31,random_start_1,17695.2554669891,46,117,1825,1832,14457.247452864302,55
random_sparse,31,random_start_2,18033.239822789565,42,116,1819,1850,14597.2645093273,56
random_sparse,31,random_start_3,18054.257745026713,46,117,1814,1822,14733.24522776342,55
random_sparse,31,random_start_4,18264.246678604002,44,118,1835,1840,14739.245887354145,49
random_sparse,32,DMS,15326.250597903885,0,0,0,1821,15326.250597903885,0
random_sparse,32,DMS_split,15551.229181162364,0,0,14,1801,15551.229181162364,0
random_sparse,32,MS_split,17440.25745754528,34,89,1305,1787,15634.248003250983,23
random_sparse,32,split_at_50,15435.225989670742,0,0,4,1811,15435.225989670742,0
random_sparse,32,split_at_100,15470.253140494542,0,0,1,1804,15470.253140494542,0
random_sparse,32,split_at_300,15326.250597903885,0,0,0,1803,15326.250597903885,0
random_sparse,32,split_at_500,15326.250597903885,0,0,0,1786,15326.250597903885,0
random_sparse,32,split_at_1000,15326.250597903885,0,0,0,1822,15326.250597903885,0
random_sparse,32,split_at_1500,15326.250597903885,0,0,0,1798,15326.250597903885,0
random_sparse,32,DMS_at_50,16839.223655427035,21,61,850,1792,15538.242673232086,25
random_sparse,32,DMS_at_100,17019.27264874409,19,70,974,1792,15504.265204678808,22
random_sparse,32,DMS_at_300,15326.250597903885,0,0,0,1798,15326.250597903885,0
random_sparse,32,DMS_at_500,15326.250597903885,0,0,0,1810,15326.250597903885,0
random_sparse,32,DMS_at_1000,15326.250597903885,0,0,0,1821,15326.250597903885,0
random_sparse,32,DMS_at_1500,15326.250597903885,0,0,0,1808,15326.250597903885,0
random_sparse,32,random_start_0,19613.255949360013,47,130,1808,1810,16020.264805036164,54
random_sparse,32,random_start_1,19429.249635272317,43,127,1773,1788,16231.238051399194,45
random_sparse,32,random_start_2,19132.22342859642,44,122,1774,1807,15930.248120547474,47
random_sparse,32,random_start_3,19698.24600494579,47,131,1806,1806,15906.243938934005,60
random_sparse,32,random_start_4,19404.241924094124,42,120,1761,1799,16069.243819479141,52
random_sparse,33,DMS,16025.230188625588,32,78,1418,1826,14416.225589074917,26
random_sparse,33,DMS_split,14182.23411812663,0,0,28,1847,14182.23411812663,0
random_sparse,33,MS_split,17151.24218928676,43,105,1703,1835,14486.202646870735,35
random_sparse,33,split_at_50,14074.239432142685,0,0,37,1835,14074.239432142685,0
random_sparse,33,split_at_100,14014.23061670596,0,0,0,1834,14014.23061670596,0
random_sparse,33,split_at_300,14218.239165464109,0,1,1,1821,14218.239165464109,0
random_sparse,33,split_at_500,14216.219680330094,0,0,0,1831,14216.219680330094,0
random_sparse,33,split_at_1000,14121.248339366724,0,0,0,1840,14121.248339366724,0
random_sparse,33,split_at_1500,14112.208460335258,0,1,47,1834,14112.208460335258,0
random_sparse,33,DMS_at_50,14990.251058888729,17,37,715,1820,14241.25305189413,14
random_sparse,33,DMS_at_100,15033.223477191053,19,45,672,1821,14241.213362118591,19
random_sparse,33,DMS_at_300,15443.251519402673,21,51,857,1845,14223.226301901248,36
random_sparse,33,DMS_at_500,15446.212511905487,20,60,905,1847,14476.233262884716,19
random_sparse,33,DMS_at_1000,15139.220175675784,19,44,652,1836,14331.255421365966,17
random_sparse,33,DMS_at_1500,15517.228458695614,22,64,960,1823,14263.203119865393,26
random_sparse,33,random_start_0,17822.252831715025,43,117,1817,1821,14415.222094179144,43
random_sparse,33,random_start_1,17729.28026757809,48,119,1819,1823,14477.252195219313,61
random_sparse,33,random_start_2,17784.251440852047,45,120,1821,1824,14778.224184781397,58
random_sparse,33,random_start_3,18166.221279395268,45,120,1851,1851,14641.235000156343,57
random_sparse,33,random_start_4,18077.20881882654,47,120,1818,1818,14619.228446495777,52
random_sparse,34,DMS,12608.228633796156,20,43,753,1861,11720.251895031919,24
random_sparse,34,DMS_split,11724.232335395702,0,0,7,1881,11724.232335395702,0
random_sparse,34,MS_split,14270.238246910094,38,86,1658,1885,11812.243021441656,36
random_sparse,34,split_at_50,11677.27324407885,0,0,0,1890,11677.27324407885,0
random_sparse,34,split_at_100,11519.247542512707,0,0,0,1875,11519.247542512707,0
random_sparse,34,split_at_300,11567.254042847257,0,0,0,1888,11567.254042847257,0
random_sparse,34,split_at_500,11474.246875405524,0,0,0,1887,11474.246875405524,0
random_sparse,34,split_at_1000,11569.23605916071,0,0,13,1881,11569.23605916071,0
random_sparse,34,split_at_1500,11569.245914690793,0,0,1,1883,11569.245914690793,0
random_sparse,34,DMS_at_50,13069.251526477776,25,70,1187,1870,11891.250463794997,23
random_sparse,34,DMS_at_100,11909.254716153626,9,15,344,1895,11598.265184368312,9
random_sparse,34,DMS_at_300,12511.245142350017,18,33,743,1898,11650.24264812355,17
random_sparse,34,DMS_at_500,11540.247405130342,1,3,27,1889,11474.246875405524,1
random_sparse,34,DMS_at_1000,11930.238064956924,7,19,372,1888,11646.237640067153,3
random_sparse,34,DMS_at_1500,12447.248014138135,19,40,804,1873,11688.252900168545,17
random_sparse,34,random_start_0,15316.262381137938,46,99,1892,1892,12150.268428314088,50
random_sparse,34,random_start_1,15350.249047871834,46,99,1883,1885,12013.267338895586,53
random_sparse,34,random_start_2,15184.231310946754,44,98,1863,1869,12401.22863240309,44
random_sparse,34,random_start_3,15359.26410307394,47,101,1867,1867,11745.249715156715,59
random_sparse,34,random_start_4,15102.290205370306,45,97,1868,1882,12216.23865194042,52
random_sparse,35,DMS,16453.262695148092,0,0,0,1780,16453.262695148092,0
random_sparse,35,DMS_split,16667.22664291585,0,0,7,1780,16667.22664291585,0
random_sparse,35,MS_split,17951.243361829347,27,62,845,1764,16731.227769465073,20
random_sparse,35,split_at_50,16520.240590180987,0,0,0,1762,16520.240590180987,0
random_sparse,35,split_at_100,16615.219168547937,0,0,26,1761,16615.219168547937,0
random_sparse,35,split_at_300,16714.254303175527,0,0,0,1748,16714.254303175527,0
random_sparse,35,split_at_500,16682.271934001074,0,0,0,1762,16682.271934001074,0
random_sparse,35,split_at_1000,16453.262695148092,0,0,0,1771,16453.262695148092,0
random_sparse,35,split_at_1500,16453.262695148092,0,0,0,1756,16453.262695148092,0
random_sparse,35,DMS_at_50,17441.24704093816,19,46,576,1771,16618.238811040384,20
random_sparse,35,DMS_at_100,18302.23602961295,25,76,1044,1795,17101.22233165063,25
random_sparse,35,DMS_at_300,17733.247931248003,14,39,494,1778,16986.22395515663,17
random_sparse,35,DMS_at_500,18099.225551798692,18,57,851,1779,16816.225412834017,24
random_sparse,35,DMS_at_1000,16453.262695148092,0,0,0,1761,16453.262695148092,0
random_sparse,35,DMS_at_1500,16453.262695148092,0,0,0,1756,16453.262695148092,0
random_sparse,35,random_start_0,20955.271310188524,39,132,1718,1774,17184.239030185057,46
random_sparse,35,random_start_1,20738.266715833193,46,140,1754,1754,16921.307485307374,63
random_sparse,35,random_start_2,20753.233827531687,44,140,1784,1784,17173.23249551814,52
random_sparse,35,random_start_3,21153.269185356345,46,138,1789,1793,17191.228075528106,60
random_sparse,35,random_start_4,21106.30328197305,47,134,1756,1780,17071.247019311435,61
random_sparse,36,DMS,13587.238637103937,0,0,0,1846,13587.238637103937,0
random_sparse,36,DMS_split,13755.307703747007,0,0,0,1820,13755.307703747007,0
random_sparse,36,MS_split,16105.265921690432,37,91,1549,1847,13917.26375521604,28
random_sparse,36,split_at_50,13821.265143373026,0,1,4,1851,13821.265143373026,0
random_sparse,36,split_at_100,13851.258788575227,0,0,0,1829,13851.258788575227,0
random_sparse,36,split_at_300,13864.260200370365,0,0,73,1866,13864.260200370365,0
random_sparse,36,split_at_500,13778.274086069467,0,0,0,1846,13778.274086069467,0
random_sparse,36,split_at_1000,13587.238637103937,0,0,0,1844,13587.238637103937,0
random_sparse,36,split_at_1500,13587.238637103937,0,0,0,1845,13587.238637103937,0
random_sparse,36,DMS_at_50,15343.252341834526,26,67,1016,1851,14014.246137027762,23
random_sparse,36,DMS_at_100,14150.26766317601,9,14,190,1848,13977.257026018455,7
random_sparse,36,DMS_at_300,14788.275804748306,18,47,732,1863,14081.25419247002,24
random_sparse,36,DMS_at_500,15024.256699528116,22,61,969,1853,13981.280068823395,24
random_sparse,36,DMS_at_1000,13587.238637103937,0,0,0,1843,13587.238637103937,0
random_sparse,36,DMS_at_1500,13587.238637103937,0,0,0,1868,13587.238637103937,0
random_sparse,36,random_start_0,18143.24179913341,50,117,1863,1863,14229.23242610162,52
random_sparse,36,random_start_1,17786.24958171356,46,115,1836,1839,14319.248081976208,44
random_sparse,36,random_start_2,17167.231834180242,45,113,1816,1822,14133.252727072315,55
random_sparse,36,random_start_3,17643.258912032856,46,116,1839,1839,14179.225464556252,49
random_sparse,36,random_start_4,17449.22708960186,46,115,1841,1860,14126.252251130518,51
random_sparse,37,DMS,13987.232798778194,0,0,0,1783,13987.232798778194,0
random_sparse,37,DMS_split,14022.221010640422,0,0,0,1762,14022.221010640422,0
random_sparse,37,MS_split,15613.216023168354,25,63,976,1764,14065.219586114268,20
random_sparse,37,split_at_50,13999.217679087917,0,0,0,1768,13999.217679087917,0
random_sparse,37,split_at_100,14126.215961740481,0,0,0,1751,14126.215961740481,0
random_sparse,37,split_at_300,14224.23861488397,0,0,3,1787,14224.23861488397,0
random_sparse,37,split_at_500,14021.217573979304,0,0,0,1800,14021.217573979304,0
random_sparse,37,split_at_1000,13999.217679087917,0,0,0,1769,13999.217679087917,0
random_sparse,37,split_at_1500,13987.232798778194,0,0,0,1745,13987.232798778194,0
random_sparse,37,DMS_at_50,14077.212061402435,2,5,41,1759,14027.21807355512,2
random_sparse,37,DMS_at_100,15274.207638278367,18,45,661,1797,14222.205957095983,20
random_sparse,37,DMS_at_300,15099.23182299916,19,44,643,1781,14412.22663042676,15
random_sparse,37,DMS_at_500,14248.219625797135,6,11,162,1775,14040.214216076824,6
random_sparse,37,DMS_at_1000,14031.218500547386,2,2,13,1780,13999.217679087917,1
random_sparse,37,DMS_at_1500,13987.232798778194,0,0,0,1751,13987.232798778194,0
random_sparse,37,random_start_0,18124.25102914263,44,117,1781,1791,14723.210129192168,51
random_sparse,37,random_start_1,18179.242046257143,46,118,1769,1769,15075.245203987695,52
random_sparse,37,random_start_2,17987.244266928883,46,120,1773,1773,14764.222370247484,51
random_sparse,37,random_start_3,17964.241515538128,46,117,1770,1771,14721.231551263303,45
random_sparse,37,random_start_4,17566.230808915792,43,113,1724,1771,14550.229115417778,50
random_sparse,38,DMS,16105.241565491844,29,71,1109,1752,14877.261782501755,29
random_sparse,38,DMS_split,14694.277306600776,0,0,0,1752,14694.277306600776,0
random_sparse,38,MS_split,18178.22502168185,44,121,1746,1766,14864.220608726031,39
random_sparse,38,split_at_50,14582.248628212788,0,0,0,1759,14582.248628212788,0
random_sparse,38,split_at_100,14664.239734253,0,0,0,1778,14664.239734253,0
random_sparse,38,split_at_300,14718.25551412318,0,0,5,1739,14718.25551412318,0
random_sparse,38,split_at_500,14607.230781153798,0,0,0,1758,14607.230781153798,0
random_sparse,38,split_at_1000,14691.22296486222,0,0,1,1766,14691.22296486222,0
random_sparse,38,split_at_1500,14573.266429529025,0,1,0,1742,14573.266429529025,0
random_sparse,38,DMS_at_50,15230.27266300547,14,35,405,1734,14672.252847214208,15
random_sparse,38,DMS_at_100,16300.235541398488,25,67,1010,1765,14833.228650190274,29
random_sparse,38,DMS_at_300,15470.241968379369,20,47,581,1775,14770.255826216631,16
random_sparse,38,DMS_at_500,15748.249938861329,21,57,806,1764,14666.23803120596,28
random_sparse,38,DMS_at_1000,16752.255379737893,30,92,1366,1764,14739.234804202077,38
random_sparse,38,DMS_at_1500,15823.251501120838,21,55,815,1724,14738.26495690399,32
random_sparse,38,random_start_0,18319.247840523447,41,122,1740,1759,15199.217033886778,45
random_sparse,38,random_start_1,18433.232580739263,45,124,1740,1748,15165.245204202756,51
random_sparse,38,random_start_2,18743.23100424779,46,122,1778,1778,14944.234544493695,51
random_sparse,38,random_start_3,19087.255505869973,47,124,1748,1748,15228.209077345564,56
random_sparse,38,random_start_4,18864.256880655936,46,122,1755,1760,15026.206466853124,56
random_sparse,39,DMS,17035.247776219632,26,69,1018,1889,15722.243991177224,22
random_sparse,39,DMS_split,15454.247614328813,0,0,8,1862,15454.247614328813,0
random_sparse,39,MS_split,18105.209643327205,38,105,1499,1880,15780.246008919283,37
random_sparse,39,split_at_50,15366.239613503538,0,0,5,1880,15366.239613503538,0
random_sparse,39,split_at_100,15395.28131291569,0,1,0,1886,15395.28131291569,0
random_sparse,39,split_at_300,15407.256295681604,0,0,0,1844,15407.256295681604,0
random_sparse,39,split_at_500,15427.231029850263,0,0,2,1854,15427.231029850263,0
random_sparse,39,split_at_1000,15585.236585176548,0,0,14,1866,15585.236585176548,0
random_sparse,39,split_at_1500,15395.230411187722,0,0,2,1851,15395.230411187722,0
random_sparse,39,DMS_at_50,15907.2474743675,12,18,223,1878,15593.254224112914,9
random_sparse,39,DMS_at_100,16146.270427361293,14,31,367,1870,15449.283490231304,10
random_sparse,39,DMS_at_300,16138.265697541656,12,30,423,1867,15469.275306279209,16
random_sparse,39,DMS_at_500,15559.229229760584,5,7,33,1858,15427.231029850263,3
random_sparse,39,DMS_at_1000,16957.26171629434,25,67,1040,1865,15494.24276533714,36
random_sparse,39,DMS_at_1500,15733.220260685113,7,11,112,1852,15569.225208693711,5
random_sparse,39,random_start_0,19876.251936400717,46,125,1853,1872,15845.235632434895,63
random_sparse,39,random_start_1,19638.27557931397,44,128,1857,1862,16028.229127336423,62
random_sparse,39,random_start_2,18510.221904729344,40,120,1799,1858,15973.216352660389,44
random_sparse,39,random_start_3,19638.234708149474,44,127,1841,1861,16283.21986837806,43
random_sparse,39,random_start_4,19581.239543844473,44,127,1847,1871,16004.255470560787,49
random_sparse,40,DMS,16394.22768944446,11,22,239,1840,15878.230345627086,9
random_sparse,40,DMS_split,15851.212490559567,0,0,3,1831,15851.212490559567,0
random_sparse,40,MS_split,17284.24177129003,26,63,921,1826,15936.23664813187,19
random_sparse,40,split_at_50,15887.265369906874,0,0,0,1842,15887.265369906874,0
random_sparse,40,split_at_100,15812.22151606803,0,0,0,1831,15812.22151606803,0
random_sparse,40,split_at_300,15821.242561279018,0,0,0,1825,15821.242561279018,0
random_sparse,40,split_at_500,15886.227900466853,0,1,0,1851,15886.227900466853,0
random_sparse,40,split_at_1000,15936.25219535148,0,0,0,1842,15936.25219535148,0
random_sparse,40,split_at_1500,15958.234507028475,0,0,10,1839,15958.234507028475,0
random_sparse,40,DMS_at_50,16669.23572375861,17,31,396,1828,15970.251548806586,15
random_sparse,40,DMS_at_100,16344.232322578664,14,27,372,1852,16105.220083899505,10
random_sparse,40,DMS_at_300,16060.229796274522,7,14,164,1852,15869.248187853405,5
random_sparse,40,DMS_at_500,16192.225984331111,6,12,165,1848,15934.221400523531,9
random_sparse,40,DMS_at_1000,16762.231677656073,12,40,636,1828,16050.243405953745,14
random_sparse,40,DMS_at_1500,16930.222424196116,14,40,585,1860,16133.22006816996,12
random_sparse,40,random_start_0,19557.24279961551,47,132,1839,1841,16409.188638027314,57
random_sparse,40,random_start_1,20072.23880744282,49,133,1824,1824,16292.238034377278,51
random_sparse,40,random_start_2,20540.235842544967,48,133,1831,1831,16358.252013027844,60
random_sparse,40,random_start_3,19764.231447164155,44,128,1833,1836,16525.22021610122,46
random_sparse,40,random_start_4,19638.277417133137,44,129,1824,1837,16388.2406744718,54
random_sparse,41,DMS,13282.265728544617,19,34,524,1786,12660.270760685275,17
random_sparse,41,DMS_split,12246.257727741187,0,0,2,1788,12246.257727741187,0
random_sparse,41,MS_split,14434.280106853781,34,76,1335,1799,12518.278612117685,25
random_sparse,41,split_at_50,12326.277720424141,0,0,0,1802,12326.277720424141,0
random_sparse,41,split_at_100,12295.268653708821,0,0,0,1799,12295.268653708821,0
random_sparse,41,split_at_300,12297.251183909566,0,0,0,1807,12297.251183909566,0
random_sparse,41,split_at_500,12288.26412813007,0,0,20,1790,12288.26412813007,0
random_sparse,41,split_at_1000,12430.238659560348,0,0,0,1803,12430.238659560348,0
random_sparse,41,split_at_1500,12241.259048736201,0,0,0,1790,12241.259048736201,0
random_sparse,41,DMS_at_50,12956.258759383174,11,27,427,1793,12520.238866451013,10
random_sparse,41,DMS_at_100,14194.260020679096,30,77,1312,1788,12627.262909878347,35
random_sparse,41,DMS_at_300,13302.257111499432,17,35,546,1792,12463.26013747164,20
random_sparse,41,DMS_at_500,13465.237156649047,16,46,837,1787,12463.249365329926,20
random_sparse,41,DMS_at_1000,13670.233421497778,19,50,851,1797,12544.252919220538,27
random_sparse,41,DMS_at_1500,13066.274577462475,15,36,512,1802,12567.264438472383,16
random_sparse,41,random_start_0,15968.273579584982,43,102,1785,1793,12887.252615810565,36
random_sparse,41,random_start_1,15677.266612626641,43,89,1632,1798,12767.296844387576,44
random_sparse,41,random_start_2,15980.269879579882,47,104,1780,1780,12858.28059556319,52
random_sparse,41,random_start_3,15665.285490822873,46,104,1792,1796,12787.262244426325,46
random_sparse,41,random_start_4,15658.280991351578,47,99,1737,1780,13025.279128109485,41
random_sparse,42,DMS,14333.251661774237,6,12,127,1867,14216.260245472027,5
random_sparse,42,DMS_split,14182.239421708682,0,0,9,1868,14182.239421708682,0
random_sparse,42,MS_split,17426.259143868938,41,114,1861,1874,14211.255452555175,38
random_sparse,42,split_at_50,14124.260222353007,0,0,0,1901,14124.260222353007,0
random_sparse,42,split_at_100,14091.231116281444,0,0,0,1874,14091.231116281444,0
random_sparse,42,split_at_300,14069.263196842767,0,0,0,1873,14069.263196842767,0
random_sparse,42,split_at_500,14046.238033737918,0,0,6,1874,14046.238033737918,0
random_sparse,42,split_at_1000,14054.237980597654,0,0,0,1862,14054.237980597654,0
random_sparse,42,split_at_1500,14090.22367805415,0,0,0,1866,14090.22367805415,0
random_sparse,42,DMS_at_50,14968.263379917966,16,37,656,1881,14201.26191332506,18
random_sparse,42,DMS_at_100,15649.223811251379,24,64,1149,1894,14363.204655611367,30
random_sparse,42,DMS_at_300,14734.25892416996,12,30,274,1872,14117.278642461284,15
random_sparse,42,DMS_at_500,15074.238963444945,18,47,713,1876,14338.242332336138,16
random_sparse,42,DMS_at_1000,14691.258875345618,14,27,395,1885,14240.234398735856,14
random_sparse,42,DMS_at_1500,15153.249223574549,18,50,814,1854,14190.231456276622,16
random_sparse,42,random_start_0,17388.23728605578,43,118,1879,1888,14791.196790070318,50
random_sparse,42,random_start_1,17846.235773976226,44,120,1869,1869,14847.245715286117,59
random_sparse,42,random_start_2,17708.25321870203,46,115,1867,1880,14711.243893252677,43
random_sparse,42,random_start_3,18113.24422917135,47,119,1873,1880,14322.241018440372,54
random_sparse,42,random_start_4,17606.229309777576,43,114,1819,1860,14394.243893512765,56
random_sparse,43,DMS,15360.252471148468,0,0,0,1775,15360.252471148468,0
random_sparse,43,DMS_split,15463.239887509008,0,0,22,1783,15463.239887509008,0
random_sparse,43,MS_split,17192.273133604005,26,79,1151,1801,15531.248975390634,28
random_sparse,43,split_at_50,15657.21557034715,0,0,5,1794,15657.21557034715,0
random_sparse,43,split_at_100,15680.227493910814,0,0,0,1780,15680.227493910814,0
random_sparse,43,split_at_300,15547.239666075724,0,0,0,1774,15547.239666075724,0
random_sparse,43,split_at_500,15650.228943288164,0,0,6,1815,15650.228943288164,0
random_sparse,43,split_at_1000,15614.288172752775,0,0,10,1768,15614.288172752775,0
random_sparse,43,split_at_1500,15528.211268480442,0,0,2,1787,15528.211268480442,0
random_sparse,43,DMS_at_50,17627.222301261423,34,89,1270,1786,15723.22207907001,39
random_sparse,43,DMS_at_100,16520.219633898963,17,34,510,1812,15917.217163216268,15
random_sparse,43,DMS_at_300,16836.25596243367,26,67,957,1764,15817.204008264487,31
random_sparse,43,DMS_at_500,16789.22444448536,24,63,828,1794,15656.254187359824,23
random_sparse,43,DMS_at_1000,16203.27669234093,13,33,420,1794,15668.283113338077,11
random_sparse,43,DMS_at_1500,17954.261435823788,30,98,1442,1778,16130.251269493945,30
random_sparse,43,random_start_0,19853.253127966193,45,126,1787,1801,15964.250067346606,73
random_sparse,43,random_start_1,19541.195753925633,46,131,1763,1763,15900.270394045396,54
random_sparse,43,random_start_2,19623.228643403927,47,130,1786,1786,16100.236554087745,62
random_sparse,43,random_start_3,19610.25646128149,46,129,1764,1771,16112.269490629966,52
random_sparse,43,random_start_4,20463.23729284311,46,129,1768,1769,15710.178134792974,71
random_sparse,44,DMS,17209.25436864949,0,0,0,1746,17209.25436864949,0
random_sparse,44,DMS_split,17417.251133600646,0,0,0,1773,17417.251133600646,0
random_sparse,44,MS_split,19713.262759512374,36,114,1460,1750,17721.282990920605,31
random_sparse,44,split_at_50,17246.234976822205,0,0,4,1784,17246.234976822205,0
random_sparse,44,split_at_100,17333.245949933877,0,0,0,1736,17333.245949933877,0
random_sparse,44,split_at_300,17286.27831526106,0,0,0,1751,17286.27831526106,0
random_sparse,44,split_at_500,17272.2307443265,0,0,0,1755,17272.2307443265,0
random_sparse,44,split_at_1000,17312.24899349188,0,0,3,1756,17312.24899349188,0
random_sparse,44,split_at_1500,17209.25436864949,0,0,0,1750,17209.25436864949,0
random_sparse,44,DMS_at_50,17740.2474176662,8,17,173,1740,17467.24025711655,6
random_sparse,44,DMS_at_100,19233.237074815934,26,85,1155,1770,17604.24459458889,27
random_sparse,44,DMS_at_300,17623.26065310531,8,8,50,1761,17473.260786446594,6
random_sparse,44,DMS_at_500,18632.21944965259,18,60,747,1771,17704.246632354454,15
random_sparse,44,DMS_at_1000,18094.25252115725,11,36,469,1763,17360.26379034801,13
random_sparse,44,DMS_at_1500,17209.25436864949,0,0,0,1760,17209.25436864949,0
random_sparse,44,random_start_0,21489.271979516216,45,141,1747,1757,17739.26351710852,58
random_sparse,44,random_start_1,21797.24604647572,49,145,1740,1740,17875.255792402306,54
random_sparse,44,random_start_2,22086.245010305298,46,145,1757,1757,17696.223185433195,51
random_sparse,44,random_start_3,21944.239598050277,45,140,1747,1752,17806.227949512762,56
random_sparse,44,random_start_4,21582.228104254096,43,142,1743,1758,17854.244217581057,51
random_sparse,45,DMS,15721.251724787517,0,0,0,1729,15721.251724787517,0
random_sparse,45,DMS_split,15827.221345290423,0,0,8,1736,15827.221345290423,0
random_sparse,45,MS_split,18383.220022925132,37,105,1402,1741,16082.219909770272,32
random_sparse,45,split_at_50,15733.216634656837,0,0,0,1729,15733.216634656837,0
random_sparse,45,split_at_100,15883.24159783172,0,0,0,1746,15883.24159783172,0
random_sparse,45,split_at_300,15836.23342366145,0,0,10,1764,15836.23342366145,0
random_sparse,45,split_at_500,15972.23444311214,0,0,0,1749,15972.23444311214,0
random_sparse,45,split_at_1000,15721.251724787517,0,0,0,1741,15721.251724787517,0
random_sparse,45,split_at_1500,15721.251724787517,0,0,0,1739,15721.251724787517,0
random_sparse,45,DMS_at_50,16484.241468330314,12,34,370,1764,15940.237475459891,10
random_sparse,45,DMS_at_100,16610.23686534068,15,27,380,1766,16032.234442318078,19
random_sparse,45,DMS_at_300,16320.245526362018,10,20,309,1746,16064.250071173265,10
random_sparse,45,DMS_at_500,18031.229797788637,27,77,1142,1755,16220.247390682873,39
random_sparse,45,DMS_at_1000,15731.249818939588,2,1,0,1757,15721.251724787517,2
random_sparse,45,DMS_at_1500,15721.251724787517,0,0,0,1754,15721.251724787517,0
random_sparse,45,random_start_0,20226.227816036244,45,130,1739,1744,16395.27491872101,52
random_sparse,45,random_start_1,20444.236968857902,49,133,1741,1741,16496.29024680234,50
random_sparse,45,random_start_2,19869.25885682698,48,133,1752,1752,16520.267115195194,49
random_sparse,45,random_start_3,19836.289366264176,45,129,1743,1772,16409.275159349825,57
random_sparse,45,random_start_4,19823.262561137955,46,130,1764,1764,16434.263941467747,57
random_sparse,46,DMS,15206.261819879848,20,53,705,1777,14296.241937996454,20
random_sparse,46,DMS_split,14037.283208858826,0,0,0,1745,14037.283208858826,0
random_sparse,46,MS_split,17388.26072234266,42,117,1725,1773,14670.220992891194,39
random_sparse,46,split_at_50,14149.224613828295,0,0,0,1726,14149.224613828295,0
random_sparse,46,split_at_100,14011.26635516101,0,0,0,1780,14011.26635516101,0
random_sparse,46,split_at_300,14011.26635516101,0,0,0,1760,14011.26635516101,0
random_sparse,46,split_at_500,14072.267861016706,0,0,0,1758,14072.267861016706,0
random_sparse,46,split_at_1000,14168.228236041683,0,0,1,1747,14168.228236041683,0
random_sparse,46,split_at_1500,14023.265389797212,0,0,0,1775,14023.265389797212,0
random_sparse,46,DMS_at_50,14470.229552142177,8,10,144,1779,14243.228271440394,8
random_sparse,46,DMS_at_100,14024.250955118408,0,2,7,1776,14024.250955118408,0
random_sparse,46,DMS_at_300,14812.249836923418,11,29,281,1749,14169.23364645664,17
random_sparse,46,DMS_at_500,14335.267139740987,6,11,145,1769,14127.275102925683,5
random_sparse,46,DMS_at_1000,14613.234453555053,11,22,307,1721,14211.227978592991,10
random_sparse,46,DMS_at_1500,14514.268832428988,12,21,234,1751,14041.273114010086,10
random_sparse,46,random_start_0,17849.24566272825,45,120,1740,1740,14687.236421660295,56
random_sparse,46,random_start_1,17914.23729357649,45,109,1696,1767,14635.225727866882,62
random_sparse,46,random_start_2,17927.252268226002,44,118,1746,1769,14677.267417054813,59
random_sparse,46,random_start_3,17989.211252378806,47,120,1757,1764,14563.23021416504,46
random_sparse,46,random_start_4,18086.25946909343,44,115,1724,1741,15074.243576663115,39
random_sparse,47,DMS,15520.231244070637,5,19,216,1799,15143.231351410455,6
random_sparse,47,DMS_split,15316.272048381245,0,0,0,1775,15316.272048381245,0
random_sparse,47,MS_split,18874.2448376222,43,118,1729,1782,15589.27501123752,40
random_sparse,47,split_at_50,15377.263665110553,0,0,0,1792,15377.263665110553,0
random_sparse,47,split_at_100,15305.258241022102,0,0,10,1798,15305.258241022102,0
random_sparse,47,split_at_300,15188.248458210795,0,0,0,1786,15188.248458210795,0
random_sparse,47,split_at_500,15187.261976930731,0,0,0,1786,15187.261976930731,0
random_sparse,47,split_at_1000,15256.234529149946,0,0,8,1798,15256.234529149946,0
random_sparse,47,split_at_1500,15261.22977890706,0,0,0,1780,15261.22977890706,0
random_sparse,47,DMS_at_50,16969.26927157423,31,81,1139,1800,15684.242352650452,31
random_sparse,47,DMS_at_100,15684.258281746346,10,14,193,1793,15430.251804322055,8
random_sparse,47,DMS_at_300,16045.248881604139,10,32,433,1803,15345.24854553609,17
random_sparse,47,DMS_at_500,16696.247685043098,20,62,914,1805,15570.238485218799,34
random_sparse,47,DMS_at_1000,16486.25903513995,20,51,744,1764,15650.257725850852,26
random_sparse,47,DMS_at_1500,15710.241352493698,10,23,281,1779,15433.23039912968,10
random_sparse,47,random_start_0,18524.263772486145,39,118,1726,1798,15970.267983236121,41
random_sparse,47,random_start_1,18958.229126208684,44,127,1790,1798,15850.24238794893,44
random_sparse,47,random_start_2,19298.267963810184,43,125,1763,1768,15887.284829086595,47
random_sparse,47,random_start_3,19425.259741133752,49,129,1768,1768,16107.224204920198,47
random_sparse,47,random_start_4,19023.2256294773,48,124,1786,1797,15759.262138408136,54
random_sparse,48,DMS,13603.236038749716,2,4,50,1738,13542.229616001405,3
random_sparse,48,DMS_split,13627.249823892078,0,0,0,1716,13627.249823892078,0
random_sparse,48,MS_split,15825.237199738991,36,78,1253,1682,13755.240693487853,26
random_sparse,48,split_at_50,13596.23060733005,0,0,0,1725,13596.23060733005,0
random_sparse,48,split_at_100,13443.217806453411,0,0,0,1706,13443.217806453411,0
random_sparse,48,split_at_300,13521.229162201986,0,0,0,1720,13521.229162201986,0
random_sparse,48,split_at_500,13493.259458091836,0,0,0,1706,13493.259458091836,0
random_sparse,48,split_at_1000,13443.239733904493,0,0,0,1703,13443.239733904493,0
random_sparse,48,split_at_1500,13532.224701449197,0,0,3,1715,13532.224701449197,0
random_sparse,48,DMS_at_50,14595.252889944066,21,47,765,1699,13786.24686092785,14
random_sparse,48,DMS_at_100,13494.217906379905,2,2,5,1695,13443.217806453411,1
random_sparse,48,DMS_at_300,13723.211453441158,4,5,96,1680,13538.219091942774,3
random_sparse,48,DMS_at_500,14425.267813114191,21,37,511,1682,13664.267260218288,13
random_sparse,48,DMS_at_1000,14906.246042363031,19,58,929,1687,13812.262006188774,20
random_sparse,48,DMS_at_1500,13910.23933481158,11,14,250,1721,13531.223523556082,13
random_sparse,48,random_start_0,16978.254331039137,43,112,1700,1706,13856.246762590601,65
random_sparse,48,random_start_1,17259.250569244432,42,111,1702,1713,14006.244269276145,56
random_sparse,48,random_start_2,16747.237968350557,45,111,1670,1690,14015.238757971085,59
random_sparse,48,random_start_3,17156.25322680571,47,116,1732,1732,13842.216516294207,61
random_sparse,48,random_start_4,17299.25420530451,44,115,1700,1714,14102.212976590507,59
random_sparse,49,DMS,15957.235871681312,4,9,72,1737,15825.236310509497,7
random_sparse,49,DMS_split,15838.234306683224,0,0,0,1759,15838.234306683224,0
random_sparse,49,MS_split,19209.247291515105,44,126,1665,1728,16139.25270020985,28
random_sparse,49,split_at_50,15808.236301492338,0,0,0,1737,15808.236301492338,0
random_sparse,49,split_at_100,15830.249459755622,0,0,1,1751,15830.249459755622,0
random_sparse,49,split_at_300,15828.25060596389,0,0,0,1725,15828.25060596389,0
random_sparse,49,split_at_500,15808.236301492338,0,0,0,1751,15808.236301492338,0
random_sparse,49,split_at_1000,15813.246272123084,0,0,0,1709,15813.246272123084,0
random_sparse,49,split_at_1500,15830.249459755622,0,0,0,1723,15830.249459755622,0
random_sparse,49,DMS_at_50,15931.240216253975,3,4,49,1716,15816.237017064952,2
random_sparse,49,DMS_at_100,16041.245189358759,4,4,39,1717,15887.248888065797,3
random_sparse,49,DMS_at_300,16090.240324169099,7,11,96,1740,15828.25060596389,5
random_sparse,49,DMS_at_500,15931.244527382407,5,4,11,1733,15816.237017064952,4
random_sparse,49,DMS_at_1000,16090.240324169099,7,11,88,1747,15821.2469876957,6
random_sparse,49,DMS_at_1500,16011.244261180622,4,5,31,1743,15904.240084550858,3
random_sparse,49,random_start_0,20063.225989720235,46,128,1717,1745,16457.259017648357,54
random_sparse,49,random_start_1,20475.25583188324,47,134,1768,1768,16526.238156188803,54
random_sparse,49,random_start_2,19433.256283517407,39,117,1543,1744,16466.241138520156,42
random_sparse,49,random_start_3,20125.28859871547,45,133,1745,1745,16571.274181637138,49
random_sparse,49,random_start_4,20051.256545203243,46,133,1732,1732,16456.250280628545,55
