bench,seed,split,lam,freeze,t95,final_commit,final,best,period
random_dense,0,False,0.0,2000,2000,0.45798898071625344,107473.2826697423,103272.25017752183,0
random_dense,0,False,0.2,2000,2000,0.3133608815426997,106579.26682976526,99287.28766206653,0
random_dense,0,False,0.4,2000,2000,0.5151515151515151,100779.27473393371,98149.28689037974,0
random_dense,0,False,0.5,2000,2000,0.39807162534435264,102487.25337533146,97957.2431899079,0
random_dense,0,False,0.6,979,2000,0.9022038567493113,97938.26109035694,97938.26109035694,1
random_dense,0,False,0.7,590,2000,0.7933884297520661,97987.26320890176,97987.26320890176,1
random_dense,0,False,0.8,327,2000,0.859504132231405,98055.25966048802,98055.25966048802,1
random_dense,0,False,0.9,484,2000,0.9269972451790633,98012.2441223322,98012.2441223322,1
random_dense,0,False,0.95,2000,2000,0.5241046831955923,99577.27893011164,98027.27351544224,0
random_dense,0,False,0.98,1999,2000,0.49586776859504134,99722.25748813724,98165.27310473536,0
random_dense,0,True,0.0,2000,23,0.9290633608815427,106198.2736671085,104813.24184538522,2
random_dense,0,True,0.2,43,44,0.9449035812672176,98425.26671144193,98425.26671144193,1
random_dense,0,True,0.4,13,2000,0.9373278236914601,98574.29683246085,98574.29683246085,1
random_dense,0,True,0.5,27,28,0.9758953168044077,98681.26581145002,98681.26581145002,1
random_dense,0,True,0.6,34,44,0.9504132231404959,98415.27081700688,98415.27081700688,1
random_dense,0,True,0.7,24,29,0.9559228650137741,98543.30021115782,98543.30021115782,1
random_dense,0,True,0.8,20,2000,0.8980716253443526,98878.29914241614,98878.29914241614,1
random_dense,0,True,0.9,35,49,0.9573002754820936,98762.29702080572,98762.29702080572,1
random_dense,0,True,0.95,208,242,0.9696969696969697,98948.26893270278,98948.26893270278,1
random_dense,0,True,0.98,128,156,0.9655647382920111,98872.2602643081,98872.2602643081,1
random_dense,1,False,0.0,2000,2000,0.4807162534435262,105556.25900056896,103315.23396621685,0
random_dense,1,False,0.2,2000,2000,0.35881542699724517,105800.21640881534,99154.23949616539,0
random_dense,1,False,0.4,2000,2000,0.8133608815426997,97708.23758487492,97632.2258467415,0
random_dense,1,False,0.5,495,2000,0.8767217630853994,97714.23627507471,97714.23627507471,1
random_dense,1,False,0.6,240,2000,0.8767217630853994,97714.23627507471,97714.23627507471,1
random_dense,1,False,0.7,331,2000,0.8767217630853994,97714.23627507471,97714.23627507471,1
random_dense,1,False,0.8,52,2000,0.8767217630853994,97714.23627507471,97714.23627507471,1
random_dense,1,False,0.9,82,2000,0.8767217630853994,97714.23627507471,97714.23627507471,1
random_dense,1,False,0.95,2000,2000,0.8078512396694215,97911.24052228821,97632.2258467415,0
random_dense,1,False,0.98,1813,2000,0.8471074380165289,97834.23587212084,97834.23587212084,0
random_dense,1,True,0.0,2000,15,0.9621212121212122,105056.26093544526,103520.23983865148,2
random_dense,1,True,0.2,13,14,0.9614325068870524,98126.24193054381,98126.24193054381,1
random_dense,1,True,0.4,28,14,0.9586776859504132,97714.23627507471,97714.23627507471,1
random_dense,1,True,0.5,15,17,0.9559228650137741,98041.24370076168,98041.24370076168,1
random_dense,1,True,0.6,22,23,0.9683195592286501,97983.23674847026,97983.23674847026,1
random_dense,1,True,0.7,38,38,0.9931129476584022,97787.2442651953,97787.2442651953,1
random_dense,1,True,0.8,13,22,0.9511019283746557,98654.24948285239,98654.24948285239,1
random_dense,1,True,0.9,60,66,0.96900826446281,98486.23504667022,98486.23504667022,1
random_dense,1,True,0.95,1982,265,0.9318181818181818,97960.2259560319,97960.2259560319,0
random_dense,1,True,0.98,136,158,0.9917355371900827,98586.23771853597,98586.23771853597,1
random_dense,2,False,0.0,2000,2000,0.45964432284541723,106217.23451560937,103643.24245325616,0
random_dense,2,False,0.2,2000,2000,0.43091655266757867,104275.24908703072,99564.22081069606,0
random_dense,2,False,0.4,1807,2000,0.8529411764705882,98570.22348828967,98570.22348828967,0
random_dense,2,False,0.5,88,2000,0.8529411764705882,98570.22348828967,98570.22348828967,1
random_dense,2,False,0.6,1998,2000,0.728454172366621,98570.22348828967,98570.22348828967,0
random_dense,2,False,0.7,53,2000,0.8967168262653898,98614.25970297924,98614.25970297924,1
random_dense,2,False,0.8,2000,2000,0.3016415868673051,103844.25683189536,98697.21731252481,0
random_dense,2,False,0.9,780,2000,0.7694938440492476,98645.22974006044,98637.23561820717,1
random_dense,2,False,0.95,2000,2000,0.34678522571819426,103724.23848983912,98670.24323866054,0
random_dense,2,False,0.98,815,2000,0.8440492476060192,98988.26746770974,98988.26746770974,1
random_dense,2,True,0.0,2000,35,0.9644322845417237,106246.25232583813,104076.25136346878,2
random_dense,2,True,0.2,30,31,0.9801641586867305,99179.26776175806,99179.26776175806,1
random_dense,2,True,0.4,46,2000,0.9322845417236663,99199.24541212514,99199.24541212514,1
random_dense,2,True,0.5,30,31,0.9439124487004104,98865.26725843006,98865.26725843006,1
random_dense,2,True,0.6,43,2000,0.9261285909712722,99056.25822902558,99056.25822902558,1
random_dense,2,True,0.7,30,19,0.957592339261286,99135.23715358965,99135.23715358965,1
random_dense,2,True,0.8,22,24,0.9712722298221614,99133.24655338796,99133.24655338796,1
random_dense,2,True,0.9,84,2000,0.9117647058823529,99404.2514558418,99404.2514558418,1
random_dense,2,True,0.95,122,2000,0.9117647058823529,99404.2514558418,99404.2514558418,1
random_dense,2,True,0.98,352,378,0.9822161422708618,99302.22773651857,99302.22773651857,1
random_dense,3,False,0.0,2000,2000,0.5608288770053476,109666.25317949984,103793.2182261735,0
random_dense,3,False,0.2,2000,2000,0.6236631016042781,103274.25108943056,100809.26054324454,0
random_dense,3,False,0.4,382,2000,0.9157754010695187,100550.25287188933,100550.25287188933,1
random_dense,3,False,0.5,61,2000,0.9157754010695187,100550.25287188933,100550.25287188933,1
random_dense,3,False,0.6,115,2000,0.8101604278074866,100781.2246301158,100734.2467455496,1
random_dense,3,False,0.7,258,2000,0.9324866310160428,100687.226707669,100687.226707669,1
random_dense,3,False,0.8,383,2000,0.9157754010695187,100550.25287188933,100550.25287188933,1
random_dense,3,False,0.9,1623,2000,0.9017379679144385,100844.21933104789,100686.24636955374,1
random_dense,3,False,0.95,2000,2000,0.3830213903743315,105337.22850668483,100897.25183446992,0
random_dense,3,False,0.98,1435,2000,0.9151069518716578,100550.25287188933,100550.25287188933,1
random_dense,3,True,0.0,2000,20,0.9872994652406417,108229.24288507586,106996.22900048192,2
random_dense,3,True,0.2,17,17,0.982620320855615,101008.18956425013,101008.18956425013,1
random_dense,3,True,0.4,22,14,0.9598930481283422,101264.25189147767,101264.25189147767,1
random_dense,3,True,0.5,49,16,0.9779411764705882,101171.22487729664,101171.22487729664,1
random_dense,3,True,0.6,29,28,0.946524064171123,100731.23000293456,100731.23000293456,1
random_dense,3,True,0.7,21,21,0.946524064171123,100731.23000293456,100731.23000293456,1
random_dense,3,True,0.8,47,47,0.946524064171123,100731.23000293456,100731.23000293456,1
random_dense,3,True,0.9,38,31,0.9084224598930482,101667.2347297892,101667.2347297892,1
random_dense,3,True,0.95,41,2000,0.9084224598930482,101667.2347297892,101667.2347297892,1
random_dense,3,True,0.98,235,2000,0.93048128342246,101468.23996576288,101468.23996576288,1
random_dense,4,False,0.0,2000,2000,0.3851063829787234,102664.2547598438,99336.25050425627,0
random_dense,4,False,0.2,2000,2000,0.3900709219858156,102772.23675415496,96438.26370928444,0
random_dense,4,False,0.4,678,2000,0.7914893617021277,94854.28050063412,94854.28050063412,1
random_dense,4,False,0.5,919,2000,0.7914893617021277,94854.28050063412,94854.28050063412,1
random_dense,4,False,0.6,142,2000,0.8638297872340426,94802.26655886872,94802.26655886872,1
random_dense,4,False,0.7,945,2000,0.7914893617021277,94854.28050063412,94854.28050063412,1
random_dense,4,False,0.8,88,2000,0.8425531914893617,95270.27728984664,95270.27728984664,1
random_dense,4,False,0.9,153,2000,0.8787234042553191,94946.2927121686,94946.2927121686,1
random_dense,4,False,0.95,2000,2000,0.31134751773049646,99220.26440168543,95126.27928102245,0
random_dense,4,False,0.98,1989,2000,0.6347517730496454,95127.2455516237,94986.2472071104,0
random_dense,4,True,0.0,2000,21,0.9425531914893617,103684.26451761852,102224.23493871858,2
random_dense,4,True,0.2,30,2000,0.9276595744680851,95531.25610799981,95531.25610799981,1
random_dense,4,True,0.4,15,15,0.9723404255319149,94965.26042868003,94965.26042868003,1
random_dense,4,True,0.5,30,33,0.9631205673758865,94977.2585353208,94977.2585353208,1
random_dense,4,True,0.6,26,26,0.9624113475177305,95216.23472675728,95216.23472675728,1
random_dense,4,True,0.7,30,2000,0.9319148936170213,94964.27511782027,94964.27511782027,1
random_dense,4,True,0.8,74,87,0.9539007092198581,95558.22955250654,95558.22955250654,1
random_dense,4,True,0.9,56,71,0.9652482269503546,95317.26470257633,95317.26470257633,1
random_dense,4,True,0.95,57,2000,0.9404255319148936,95287.26937582603,95287.26937582603,1
random_dense,4,True,0.98,247,314,0.9546099290780142,95330.2696583607,95330.2696583607,1
random_dense,5,False,0.0,2000,2000,0.5342281879194631,108680.22269535088,105232.23218129149,0
random_dense,5,False,0.2,2000,2000,0.4040268456375839,106396.21710072356,101286.24625811659,0
random_dense,5,False,0.4,938,2000,0.8261744966442953,100861.20400306587,100861.20400306587,1
random_dense,5,False,0.5,637,2000,0.8617449664429531,100472.24266515944,100470.23453875347,1
random_dense,5,False,0.6,261,2000,0.8402684563758389,100746.25363361556,100746.25363361556,1
random_dense,5,False,0.7,156,2000,0.838255033557047,100462.24882672794,100462.24882672794,1
random_dense,5,False,0.8,1325,2000,0.8993288590604027,100671.25394670025,100671.25394670025,1
random_dense,5,False,0.9,333,2000,0.8704697986577181,100596.25026803146,100596.25026803146,1
random_dense,5,False,0.95,1938,2000,0.8644295302013423,100930.23405016433,100717.22785184489,0
random_dense,5,False,0.98,935,2000,0.8912751677852349,100468.22966024517,100468.22966024517,1
random_dense,5,True,0.0,2000,22,0.9724832214765101,106652.24433487905,105630.23209930176,2
random_dense,5,True,0.2,13,15,0.9644295302013423,100809.24512534238,100809.24512534238,1
random_dense,5,True,0.4,29,30,0.9832214765100671,101245.2678144193,101245.2678144193,1
random_dense,5,True,0.5,19,21,0.963758389261745,100813.25499292414,100813.25499292414,1
random_dense,5,True,0.6,26,23,0.9389261744966443,101168.2501935652,101168.2501935652,1
random_dense,5,True,0.7,51,14,0.9832214765100671,101245.2678144193,101245.2678144193,1
random_dense,5,True,0.8,69,79,0.963758389261745,100813.25499292414,100813.25499292414,1
random_dense,5,True,0.9,63,2000,0.9114093959731544,100899.2440976336,100899.2440976336,1
random_dense,5,True,0.95,32,2000,0.9114093959731544,100899.2440976336,100899.2440976336,1
random_dense,5,True,0.98,470,2000,0.9489932885906041,100839.23178973822,100839.23178973822,1
random_dense,6,False,0.0,2000,2000,0.46763085399449034,105934.25677530955,103405.24390552174,0
random_dense,6,False,0.2,2000,2000,0.5833333333333334,103736.232275212,98396.21538306747,0
random_dense,6,False,0.4,117,2000,0.9373278236914601,97836.26683709871,97836.26683709871,1
random_dense,6,False,0.5,39,2000,0.9373278236914601,97836.26683709871,97836.26683709871,1
random_dense,6,False,0.6,48,2000,0.9373278236914601,97836.26683709871,97836.26683709871,1
random_dense,6,False,0.7,50,2000,0.8133608815426997,97988.28605603406,97988.28605603406,1
random_dense,6,False,0.8,2000,2000,0.3402203856749311,103219.24434276528,97995.26457313653,0
random_dense,6,False,0.9,142,2000,0.7816804407713499,97979.24744240516,97979.24744240516,1
random_dense,6,False,0.95,2000,2000,0.6005509641873278,98904.24347656149,98047.25154339112,0
random_dense,6,False,0.98,2000,2000,0.47796143250688705,100696.25705721743,98252.23218085176,0
random_dense,6,True,0.0,2000,14,0.9607438016528925,106997.24402679576,105255.25390536696,2
random_dense,6,True,0.2,16,17,0.971763085399449,98495.25562506156,98495.25562506156,1
random_dense,6,True,0.4,21,21,0.9366391184573003,98541.25643097986,98541.25643097986,1
random_dense,6,True,0.5,54,55,0.9683195592286501,98581.26166184625,98581.26166184625,1
random_dense,6,True,0.6,43,2000,0.9318181818181818,98436.23378581906,98436.23378581906,1
random_dense,6,True,0.7,22,26,0.9511019283746557,98634.23796749586,98634.23796749586,1
random_dense,6,True,0.8,101,51,0.9862258953168044,98474.2446621625,98474.2446621625,1
random_dense,6,True,0.9,106,92,0.9676308539944903,98250.24235142555,98250.24235142555,1
random_dense,6,True,0.95,241,266,0.96900826446281,98834.23925009105,98834.23925009105,1
random_dense,6,True,0.98,105,2000,0.8946280991735537,99085.22384123688,99085.22384123688,1
random_dense,7,False,0.0,2000,2000,0.5315374507227333,112245.2610796707,104406.25721102893,0
random_dense,7,False,0.2,2000,2000,0.6353482260183968,103422.26234773769,102594.25734129257,0
random_dense,7,False,0.4,951,2000,0.8876478318002629,102470.2518416067,102431.27087332236,1
random_dense,7,False,0.5,1365,2000,0.8659658344283837,102648.2486903554,102431.27087332236,1
random_dense,7,False,0.6,1179,2000,0.9198423127463863,103066.25005796073,102500.25376328095,1
random_dense,7,False,0.7,350,2000,0.8876478318002629,102470.2518416067,102470.2518416067,1
random_dense,7,False,0.8,2000,2000,0.4375821287779238,107438.2446775947,102431.27087332236,0
random_dense,7,False,0.9,1442,2000,0.8659658344283837,102648.2486903554,102586.27613652434,1
random_dense,7,False,0.95,317,2000,0.8876478318002629,102470.2518416067,102470.2518416067,1
random_dense,7,False,0.98,1949,2000,0.8475689881734559,102648.2486903554,102627.26080003298,0
random_dense,7,True,0.0,2000,17,0.931011826544021,111679.26808671975,110581.253987025,2
random_dense,7,True,0.2,2000,14,0.9704336399474376,103190.25791690632,102968.24168472695,2
random_dense,7,True,0.4,14,2000,0.9277266754270697,102500.25376328095,102500.25376328095,1
random_dense,7,True,0.5,19,2000,0.9277266754270697,102500.25376328095,102500.25376328095,1
random_dense,7,True,0.6,20,22,0.9842312746386334,102533.25625634834,102533.25625634834,1
random_dense,7,True,0.7,69,82,0.9526938239159002,102487.25913979759,102487.25913979759,1
random_dense,7,True,0.8,25,2000,0.9277266754270697,102500.25376328095,102500.25376328095,1
random_dense,7,True,0.9,50,54,0.9842312746386334,102533.25625634834,102533.25625634834,1
random_dense,7,True,0.95,105,2000,0.9277266754270697,102500.25376328095,102500.25376328095,1
random_dense,7,True,0.98,184,312,0.9566360052562418,102546.25147309867,102546.25147309867,1
random_dense,8,False,0.0,2000,2000,0.3921832884097035,109787.28037653443,104384.24635725473,0
random_dense,8,False,0.2,2000,2000,0.4481132075471698,107507.2296565062,100817.26657129271,0
random_dense,8,False,0.4,2000,2000,0.32816711590296493,105445.25056096488,100311.24427729398,0
random_dense,8,False,0.5,1424,2000,0.8847708894878706,100173.25485109731,100046.25176991796,1
random_dense,8,False,0.6,413,2000,0.7284366576819407,100085.26884936645,100085.26884936645,1
random_dense,8,False,0.7,27,2000,0.8787061994609164,100101.24203569871,100101.24203569871,1
random_dense,8,False,0.8,1422,2000,0.9016172506738545,100301.25889120935,100046.25176991796,1
random_dense,8,False,0.9,2000,2000,0.2756064690026954,106085.26263951644,100046.25176991796,0
random_dense,8,False,0.95,2000,2000,0.5121293800539084,101911.25427058552,100046.25176991796,0
random_dense,8,False,0.98,2000,2000,0.5094339622641509,101775.23082832352,101003.25311896499,0
random_dense,8,True,0.0,2000,12,0.9750673854447439,111754.24504552051,108410.25457646539,2
random_dense,8,True,0.2,50,26,0.9690026954177897,100103.23610011881,100103.23610011881,1
random_dense,8,True,0.4,23,2000,0.9272237196765498,100329.25142787286,100329.25142787286,1
random_dense,8,True,0.5,16,16,0.9663072776280324,100146.2504657215,100146.2504657215,1
random_dense,8,True,0.6,26,29,0.9838274932614556,100165.24371207668,100165.24371207668,1
random_dense,8,True,0.7,80,67,0.9413746630727763,100178.24209436915,100178.24209436915,1
random_dense,8,True,0.8,34,2000,0.9198113207547169,100321.2323255415,100321.2323255415,1
random_dense,8,True,0.9,90,110,0.97911051212938,100229.23203767314,100229.23203767314,1
random_dense,8,True,0.95,124,148,0.97911051212938,100229.23203767314,100229.23203767314,1
random_dense,8,True,0.98,369,424,0.9487870619946092,100123.25063344296,100123.25063344296,1
random_dense,9,False,0.0,2000,2000,0.4263513513513513,107041.25557228214,105208.25035354013,0
random_dense,9,False,0.2,2000,2000,0.4168918918918919,108621.25772400296,100410.25394850796,0
random_dense,9,False,0.4,748,2000,0.9101351351351351,99628.27085405466,99628.27085405466,1
random_dense,9,False,0.5,567,2000,0.9243243243243243,99827.27675113601,99628.25529821582,1
random_dense,9,False,0.6,211,2000,0.8060810810810811,99801.24996148716,99801.24996148716,1
random_dense,9,False,0.7,116,2000,0.8756756756756757,99553.24940333821,99553.24940333821,1
random_dense,9,False,0.8,880,2000,0.8506756756756757,99835.23779287483,99820.23053103988,1
random_dense,9,False,0.9,1086,2000,0.7905405405405406,99570.24658051772,99570.24658051772,1
random_dense,9,False,0.95,1494,2000,0.9148648648648648,99638.27023134989,99638.27023134989,1
random_dense,9,False,0.98,1200,2000,0.7385135135135135,100085.2640772546,100085.2640772546,1
random_dense,9,True,0.0,2000,11,0.9486486486486486,111191.24324880904,107111.25691058904,2
random_dense,9,True,0.2,31,30,0.9858108108108108,99836.22491239448,99836.22491239448,1
random_dense,9,True,0.4,18,18,0.9932432432432432,100458.20491657978,100458.20491657978,1
random_dense,9,True,0.5,12,2000,0.9222972972972973,101085.24798598008,101085.24798598008,1
random_dense,9,True,0.6,35,2000,0.9283783783783783,100313.24317019178,100313.24317019178,1
random_dense,9,True,0.7,34,33,0.9885135135135135,100564.21655192881,100564.21655192881,1
random_dense,9,True,0.8,45,46,0.9682432432432433,100662.21367328378,100662.21367328378,1
random_dense,9,True,0.9,89,2000,0.9263513513513514,100422.23672296468,100422.23672296468,1
random_dense,9,True,0.95,51,2000,0.9331081081081081,100510.23199135259,100510.23199135259,1
random_dense,9,True,0.98,687,2000,0.9263513513513514,100422.23672296468,100422.23672296468,1
random_dense,10,False,0.0,2000,2000,0.4436038514442916,106103.23661593325,103244.23401961477,0
random_dense,10,False,0.2,2000,2000,0.4896836313617607,103308.22206176394,100514.21958097974,0
random_dense,10,False,0.4,2000,2000,0.49105914718019256,100729.25489306492,98062.25528358988,0
random_dense,10,False,0.5,1423,2000,0.9415405777166438,98023.21141206702,98023.21141206702,1
random_dense,10,False,0.6,607,2000,0.8294360385144429,97793.24516164338,97793.24516164338,1
random_dense,10,False,0.7,13,2000,0.7558459422283357,98076.2472459691,98076.2472459691,1
random_dense,10,False,0.8,1317,2000,0.8239339752407153,97852.21611042785,97852.21611042785,1
random_dense,10,False,0.9,786,2000,0.844566712517194,98132.25690721553,97994.23284474916,1
random_dense,10,False,0.95,2000,2000,0.16781292984869325,104965.28694702814,97994.23284474916,0
random_dense,10,False,0.98,1999,2000,0.6231086657496562,98302.24762461512,97994.23284474916,0
random_dense,10,True,0.0,2000,20,0.9662998624484181,106292.24790838212,104152.23569426,2
random_dense,10,True,0.2,17,17,0.9724896836313618,98192.25678740954,98192.25678740954,1
random_dense,10,True,0.4,13,17,0.9745529573590096,98466.24736955538,98466.24736955538,1
random_dense,10,True,0.5,16,17,0.9745529573590096,98381.257706561,98381.257706561,1
random_dense,10,True,0.6,16,19,0.9697386519944979,98411.24960825163,98411.24960825163,1
random_dense,10,True,0.7,18,2000,0.9270976616231087,98535.24980594948,98535.24980594948,1
random_dense,10,True,0.8,1968,2000,0.8982118294360385,98204.2405861817,98191.2350575809,0
random_dense,10,True,0.9,147,2000,0.9484181568088033,98049.23303644436,98049.23303644436,1
random_dense,10,True,0.95,41,51,0.9449793672627235,97994.23284474916,97994.23284474916,1
random_dense,10,True,0.98,191,2000,0.9415405777166438,98422.2193949413,98422.2193949413,1
random_dense,11,False,0.0,2000,2000,0.43141289437585734,109195.1994505314,103188.26965789782,0
random_dense,11,False,0.2,2000,2000,0.40809327846364885,106817.26383749375,101146.23316436587,0
random_dense,11,False,0.4,2000,2000,0.35253772290809327,106154.2261919665,98555.25921473355,0
random_dense,11,False,0.5,2000,2000,0.43415637860082307,103019.23484859504,98420.263243678,0
random_dense,11,False,0.6,1763,2000,0.8854595336076817,98581.25639386816,98581.25639386816,1
random_dense,11,False,0.7,310,2000,0.8628257887517147,98504.2222352851,98504.2222352851,1
random_dense,11,False,0.8,522,2000,0.8607681755829903,98481.24475366467,98242.22424613743,1
random_dense,11,False,0.9,697,2000,0.9156378600823045,98370.21103760872,98370.21103760872,1
random_dense,11,False,0.95,1642,2000,0.799039780521262,98623.23078278526,98541.2641404683,1
random_dense,11,False,0.98,2000,2000,0.24279835390946503,106814.25566467193,98420.263243678,0
random_dense,11,True,0.0,2000,22,0.967764060356653,107781.26705986467,106760.21113222066,2
random_dense,11,True,0.2,12,12,0.958161865569273,98679.23325977937,98679.23325977937,1
random_dense,11,True,0.4,16,17,0.9766803840877915,98992.23806336222,98992.23806336222,1
random_dense,11,True,0.5,16,2000,0.9293552812071331,99061.24206829621,99061.24206829621,1
random_dense,11,True,0.6,11,2000,0.9375857338820301,99324.2642147383,99324.2642147383,1
random_dense,11,True,0.7,46,50,0.9849108367626886,99135.24634954098,99135.24634954098,1
random_dense,11,True,0.8,24,49,0.9506172839506173,99462.23217868662,99462.23217868662,1
random_dense,11,True,0.9,71,2000,0.9382716049382716,99304.26001578406,99304.26001578406,1
random_dense,11,True,0.95,149,129,0.948559670781893,98976.24892737505,98976.24892737505,1
random_dense,11,True,0.98,127,159,0.977366255144033,99015.25760487383,99015.25760487383,1
random_dense,12,False,0.0,2000,2000,0.5138504155124654,103682.23252566361,102212.26083521472,0
random_dense,12,False,0.2,2000,2000,0.4549861495844875,105367.28548075505,97379.23019960118,0
random_dense,12,False,0.4,1781,2000,0.8511080332409973,97501.27032625498,97352.24817438122,1
random_dense,12,False,0.5,541,2000,0.9058171745152355,97225.23860533879,97225.23860533879,1
random_dense,12,False,0.6,20,2000,0.8753462603878116,97331.28386243037,97331.28386243037,1
random_dense,12,False,0.7,192,2000,0.8185595567867036,97271.25361228564,97271.25361228564,1
random_dense,12,False,0.8,181,2000,0.8704986149584487,97319.2428427357,97319.2428427357,1
random_dense,12,False,0.9,79,2000,0.8725761772853186,97206.24313591156,97206.24313591156,1
random_dense,12,False,0.95,1805,2000,0.8393351800554016,97343.247037393,97343.247037393,0
random_dense,12,False,0.98,1997,2000,0.6710526315789473,98141.28853883121,97257.22526045989,0
random_dense,12,True,0.0,2000,24,0.974376731301939,104438.26285458212,103148.25490385739,2
random_dense,12,True,0.2,27,28,0.9688365650969529,97817.25887485826,97817.25887485826,1
random_dense,12,True,0.4,17,2000,0.9335180055401662,98022.2366198173,98022.2366198173,1
random_dense,12,True,0.5,26,21,0.9722991689750693,97331.28386243037,97331.28386243037,1
random_dense,12,True,0.6,19,21,0.96398891966759,97960.27560929961,97960.27560929961,1
random_dense,12,True,0.7,93,2000,0.9051246537396122,97674.26013648976,97674.26013648976,1
random_dense,12,True,0.8,17,21,0.9681440443213296,98137.27431481965,98137.27431481965,1
random_dense,12,True,0.9,87,2000,0.9404432132963989,97984.24901337658,97984.24901337658,1
random_dense,12,True,0.95,428,2000,0.9321329639889196,97840.24690272773,97840.24690272773,1
random_dense,12,True,0.98,106,2000,0.9307479224376731,98234.26970651897,98234.26970651897,1
random_dense,13,False,0.0,2000,2000,0.3888157894736842,112403.2229133718,106716.2323841308,0
random_dense,13,False,0.2,2000,2000,0.42697368421052634,110491.25405875147,102510.26987639468,0
random_dense,13,False,0.4,237,2000,0.7861842105263158,102425.25687231463,102425.25687231463,1
random_dense,13,False,0.5,19,2000,0.8144736842105263,102470.23735551312,102470.23735551312,1
random_dense,13,False,0.6,137,2000,0.8717105263157895,102546.23195852152,102546.23195852152,1
random_dense,13,False,0.7,447,2000,0.8217105263157894,102512.24598078267,102512.24598078267,1
random_dense,13,False,0.8,577,2000,0.8144736842105263,102470.23735551312,102470.23735551312,1
random_dense,13,False,0.9,118,2000,0.8717105263157895,102546.23195852152,102546.23195852152,1
random_dense,13,False,0.95,287,2000,0.8144736842105263,102470.23735551312,102470.23735551312,1
random_dense,13,False,0.98,1999,2000,0.593421052631579,103359.25886905153,102747.26184158395,0
random_dense,13,True,0.0,2000,21,0.9401315789473684,108232.25349100823,107274.24651551672,2
random_dense,13,True,0.2,19,14,0.9782894736842105,102779.24738125238,102779.24738125238,1
random_dense,13,True,0.4,22,2000,0.9276315789473685,103061.25211547452,103061.25211547452,1
random_dense,13,True,0.5,46,46,0.9486842105263158,102779.23860157271,102779.23860157271,1
random_dense,13,True,0.6,11,14,0.9605263157894737,103774.23591370188,103774.23591370188,1
random_dense,13,True,0.7,1997,45,0.9013157894736842,103634.25123608336,103545.24992030613,0
random_dense,13,True,0.8,20,28,0.9802631578947368,103573.23938253442,103573.23938253442,1
random_dense,13,True,0.9,24,41,0.944078947368421,103676.23050128583,103676.23050128583,1
random_dense,13,True,0.95,76,2000,0.944078947368421,103516.26117746679,103516.26117746679,1
random_dense,13,True,0.98,141,2000,0.944078947368421,103516.26117746679,103516.26117746679,1
random_dense,14,False,0.0,2000,2000,0.4821899736147757,111496.25271621923,108203.24875506504,0
random_dense,14,False,0.2,2000,2000,0.35422163588390504,111356.23616158286,104360.22908825659,0
random_dense,14,False,0.4,1220,2000,0.8067282321899736,102408.2394819546,102408.2394819546,1
random_dense,14,False,0.5,306,2000,0.9393139841688655,102356.24186923719,102356.24186923719,1
random_dense,14,False,0.6,334,2000,0.7532981530343008,102415.24757509337,102415.24757509337,1
random_dense,14,False,0.7,232,2000,0.8067282321899736,102408.2394819546,102408.2394819546,1
random_dense,14,False,0.8,1317,2000,0.8067282321899736,102408.2394819546,102408.2394819546,1
random_dense,14,False,0.9,1999,2000,0.7196569920844327,103150.243366122,102695.2434455768,0
random_dense,14,False,0.95,1999,2000,0.462401055408971,104477.19710781795,102579.26405881924,0
random_dense,14,False,0.98,1989,2000,0.7447229551451188,102859.22958117358,102819.23111657976,0
random_dense,14,True,0.0,2000,20,0.9630606860158312,113685.22671046198,108880.23784017548,2
random_dense,14,True,0.2,23,23,0.9742744063324539,102438.2502034758,102438.2502034758,1
random_dense,14,True,0.4,21,26,0.9716358839050132,103249.23437924818,103249.23437924818,1
random_dense,14,True,0.5,18,2000,0.9089709762532981,103428.23431883933,103428.23431883933,1
random_dense,14,True,0.6,20,23,0.9821899736147758,103384.25011901448,103384.25011901448,1
random_dense,14,True,0.7,32,24,0.9360158311345647,103131.23585574364,103131.23585574364,1
random_dense,14,True,0.8,44,51,0.9610817941952506,103442.24690162309,103442.24690162309,1
random_dense,14,True,0.9,37,63,0.9689973614775725,103442.23227619524,103442.23227619524,1
random_dense,14,True,0.95,97,76,0.9531662269129287,103448.2393580446,103448.2393580446,1
random_dense,14,True,0.98,442,197,0.9610817941952506,103290.263750599,103290.263750599,1
random_dense,15,False,0.0,2000,2000,0.5027739251040222,105903.25566156794,102605.2777095394,0
random_dense,15,False,0.2,2000,2000,0.4750346740638003,103068.2597878344,97864.24211108839,0
random_dense,15,False,0.4,693,2000,0.7510402219140083,97120.25275174175,97003.26904138466,1
random_dense,15,False,0.5,46,2000,0.8356449375866851,97197.24059684237,97197.24059684237,1
random_dense,15,False,0.6,357,2000,0.90499306518724,96892.256856755,96892.256856755,1
random_dense,15,False,0.7,800,2000,0.9015256588072122,97060.25027495743,97054.23297482438,1
random_dense,15,False,0.8,236,2000,0.8640776699029126,97253.2418497724,97253.2418497724,1
random_dense,15,False,0.9,387,2000,0.90499306518724,96892.256856755,96892.256856755,1
random_dense,15,False,0.95,333,2000,0.8980582524271845,97028.25621349545,97028.25621349545,1
random_dense,15,False,0.98,2000,2000,0.46601941747572817,99445.24311156436,97351.2335626493,0
random_dense,15,True,0.0,2000,25,0.9625520110957004,101740.2405195907,101134.27349337668,2
random_dense,15,True,0.2,29,27,0.9313453536754508,97277.2316007904,97277.2316007904,1
random_dense,15,True,0.4,13,13,0.9625520110957004,97194.23345959638,97194.23345959638,1
random_dense,15,True,0.5,26,26,0.9459084604715673,97296.24620532757,97296.24620532757,1
random_dense,15,True,0.6,25,2000,0.949375866851595,97352.21836788925,97352.21836788925,1
random_dense,15,True,0.7,25,27,0.9895977808599168,97858.2358329779,97858.2358329779,1
random_dense,15,True,0.8,28,2000,0.9313453536754508,97856.20690242169,97856.20690242169,1
random_dense,15,True,0.9,142,2000,0.9382801664355063,97949.21751690791,97949.21751690791,1
random_dense,15,True,0.95,116,168,0.9604715672676838,98056.21116629959,98056.21116629959,1
random_dense,15,True,0.98,229,266,0.963245492371706,98213.2307066097,98213.2307066097,1
random_dense,16,False,0.0,2000,2000,0.46612466124661245,109156.2449240203,104573.24838934751,0
random_dense,16,False,0.2,2000,2000,0.42073170731707316,106741.23894254425,101326.21625510573,0
random_dense,16,False,0.4,98,2000,0.9031165311653117,99598.2660589833,99598.2660589833,1
random_dense,16,False,0.5,1996,2000,0.787940379403794,99850.25354024963,99774.25844185686,0
random_dense,16,False,0.6,1683,2000,0.8699186991869918,99592.23350671465,99592.23350671465,1
random_dense,16,False,0.7,126,2000,0.9017615176151762,99604.25238474386,99604.25238474386,1
random_dense,16,False,0.8,685,2000,0.8699186991869918,99592.23350671465,99592.23350671465,1
random_dense,16,False,0.9,451,2000,0.8699186991869918,99592.23350671465,99592.23350671465,1
random_dense,16,False,0.95,324,2000,0.8468834688346883,99546.22854244741,99546.22854244741,1
random_dense,16,False,0.98,1999,2000,0.23915989159891599,104480.2369974889,100092.24980128254,0
random_dense,16,True,0.0,2000,19,0.9668021680216802,107713.24102126744,106714.28258965288,2
random_dense,16,True,0.2,18,18,0.964769647696477,99914.2284872221,99914.2284872221,1
random_dense,16,True,0.4,23,26,0.9586720867208672,100183.2416565634,100183.2416565634,1
random_dense,16,True,0.5,16,2000,0.9444444444444444,100177.25837416542,100177.25837416542,1
random_dense,16,True,0.6,23,23,0.9654471544715447,100515.24129778268,100515.24129778268,1
random_dense,16,True,0.7,19,13,0.9525745257452575,100227.23861467942,100227.23861467942,1
random_dense,16,True,0.8,56,2000,0.9424119241192412,99785.25968997285,99785.25968997285,1
random_dense,16,True,0.9,32,2000,0.943089430894309,100582.25314099694,100582.25314099694,1
random_dense,16,True,0.95,54,2000,0.9376693766937669,100454.24503054352,100454.24503054352,1
random_dense,16,True,0.98,242,2000,0.9329268292682927,100349.24043800392,100349.24043800392,1
random_dense,17,False,0.0,2000,2000,0.4960369881109643,110878.26471418414,106132.24266806293,0
random_dense,17,False,0.2,2000,2000,0.31109643328929987,111860.27051384312,104395.24533660138,0
random_dense,17,False,0.4,606,2000,0.8295904887714664,102322.25373246551,102322.25373246551,1
random_dense,17,False,0.5,1221,2000,0.8355350066050198,102256.26750866513,102256.26750866513,1
random_dense,17,False,0.6,112,2000,0.8560105680317041,102245.20983192789,102245.20983192789,1
random_dense,17,False,0.7,736,2000,0.9412153236459709,102241.23300475454,102241.23300475454,1
random_dense,17,False,0.8,800,2000,0.8513870541611624,102463.2516737098,102463.2516737098,1
random_dense,17,False,0.9,745,2000,0.8797886393659181,102273.24952140743,102273.24952140743,1
random_dense,17,False,0.95,2000,2000,0.24834874504623514,107823.2376554862,102278.23191295667,0
random_dense,17,False,0.98,1987,2000,0.7252311756935271,102516.23972259437,102312.24036731983,0
random_dense,17,True,0.0,2000,21,0.9801849405548216,110727.25197517793,108777.24749053767,2
random_dense,17,True,0.2,21,2000,0.9458388375165125,102493.20196470244,102493.20196470244,1
random_dense,17,True,0.4,13,12,0.9372523117569352,102911.250647062,102911.250647062,1
random_dense,17,True,0.5,47,34,0.9966974900924703,102241.23300475454,102241.23300475454,1
random_dense,17,True,0.6,27,28,0.9517833553500661,102354.22312247426,102354.22312247426,1
random_dense,17,True,0.7,26,2000,0.9088507265521797,102421.21118650767,102421.21118650767,1
random_dense,17,True,0.8,52,61,0.9392338177014531,102570.19852930531,102570.19852930531,1
random_dense,17,True,0.9,56,2000,0.9240422721268163,102714.19903615939,102714.19903615939,1
random_dense,17,True,0.95,95,2000,0.9379128137384413,102546.21947174247,102546.21947174247,1
random_dense,17,True,0.98,189,2000,0.9379128137384413,102535.20732229325,102535.20732229325,1
random_dense,18,False,0.0,2000,2000,0.43724420190995905,107691.22616514172,101715.24340874437,0
random_dense,18,False,0.2,2000,2000,0.5088676671214188,101664.24417215597,98973.25120797218,0
random_dense,18,False,0.4,190,2000,0.8676671214188267,98726.25716002683,98726.25716002683,1
random_dense,18,False,0.5,175,2000,0.8990450204638472,98771.2607626822,98771.2607626822,1
random_dense,18,False,0.6,69,2000,0.8792633015006821,99323.25423165956,99323.25423165956,1
random_dense,18,False,0.7,46,2000,0.8519781718963165,98708.24301812204,98708.24301812204,1
random_dense,18,False,0.8,117,2000,0.8519781718963165,98708.24301812204,98708.24301812204,1
random_dense,18,False,0.9,283,2000,0.8990450204638472,98771.2607626822,98771.2607626822,1
random_dense,18,False,0.95,387,2000,0.8778990450204639,99112.26699092974,99112.26699092974,1
random_dense,18,False,0.98,1017,2000,0.9338335607094134,98698.25247693394,98698.25247693394,1
random_dense,18,True,0.0,2000,20,0.9624829467939973,107866.24481075633,106241.24184379792,2
random_dense,18,True,0.2,25,27,0.9577080491132333,99556.2129887877,99556.2129887877,1
random_dense,18,True,0.4,17,18,0.9822646657571623,99593.20165378494,99593.20165378494,1
random_dense,18,True,0.5,17,18,0.9604365620736699,99421.23339403872,99421.23339403872,1
random_dense,18,True,0.6,25,26,0.9884038199181446,99235.26402565849,99235.26402565849,1
random_dense,18,True,0.7,27,33,0.9570259208731241,99380.2582074961,99380.2582074961,1
random_dense,18,True,0.8,31,37,0.975443383356071,99430.24463584788,99430.24463584788,1
random_dense,18,True,0.9,87,120,0.9549795361527967,99635.24532999065,99635.24532999065,1
random_dense,18,True,0.95,515,2000,0.9283765347885402,99231.27032514337,99231.27032514337,1
random_dense,18,True,0.98,581,230,0.9618008185538881,99163.22074843681,99163.22074843681,1
random_dense,19,False,0.0,2000,2000,0.47385204081632654,114505.27057011143,111415.2767914288,0
random_dense,19,False,0.2,2000,2000,0.5197704081632653,113119.28683147358,106075.26410222662,0
random_dense,19,False,0.4,869,2000,0.9279336734693877,105962.25597034188,105962.25597034188,1
random_dense,19,False,0.5,1872,2000,0.8373724489795918,105985.26933303107,105861.24620202821,0
random_dense,19,False,0.6,888,2000,0.857780612244898,106011.2626249718,105861.24620202821,1
random_dense,19,False,0.7,42,2000,0.9107142857142857,106177.24642774998,106177.24642774998,1
random_dense,19,False,0.8,1992,2000,0.8016581632653061,106103.23295673318,106070.23277554012,0
random_dense,19,False,0.9,1454,2000,0.8947704081632653,106111.25145327422,105861.24620202821,1
random_dense,19,False,0.95,472,2000,0.8373724489795918,106082.26686245113,106082.26686245113,1
random_dense,19,False,0.98,1881,2000,0.6294642857142857,105861.24620202821,105861.24620202821,0
random_dense,19,True,0.0,2000,11,0.9961734693877551,115623.26682904715,113680.2513359956,2
random_dense,19,True,0.2,27,19,0.9955357142857143,106257.24238941928,106257.24238941928,1
random_dense,19,True,0.4,39,20,0.9419642857142857,106666.24294426013,106666.24294426013,1
random_dense,19,True,0.5,25,25,0.9617346938775511,106589.25872056826,106589.25872056826,1
random_dense,19,True,0.6,30,35,0.9566326530612245,106677.26454120991,106677.26454120991,1
random_dense,19,True,0.7,1998,2000,0.9292091836734694,106816.24376991054,106807.24336579477,0
random_dense,19,True,0.8,57,44,0.9789540816326531,106669.23169061274,106669.23169061274,1
random_dense,19,True,0.9,71,76,0.9649234693877551,106700.26811951118,106700.26811951118,1
random_dense,19,True,0.95,125,145,0.9604591836734694,106632.252052184,106632.252052184,1
random_dense,19,True,0.98,1995,2000,0.8845663265306123,106827.26946888468,106640.26732229484,0
random_sparse,0,False,0.0,2000,2000,0.1482758620689655,20293.280494023027,18040.274114219937,0
random_sparse,0,False,0.2,746,2000,0.41724137931034483,17072.27292414893,17072.27292414893,1
random_sparse,0,False,0.4,116,2000,0.33448275862068966,17089.230157574068,17089.230157574068,1
random_sparse,0,False,0.5,357,2000,0.33448275862068966,17089.230157574068,17089.230157574068,1
random_sparse,0,False,0.6,67,2000,0.33448275862068966,17089.230157574068,17089.230157574068,1
random_sparse,0,False,0.7,101,2000,0.41724137931034483,17072.27292414893,17072.27292414893,1
random_sparse,0,False,0.8,212,2000,0.33448275862068966,17089.230157574068,17089.230157574068,1
random_sparse,0,False,0.9,277,2000,0.33448275862068966,17089.230157574068,17089.230157574068,1
random_sparse,0,False,0.95,2000,2000,0.02413793103448276,19197.26942711937,17095.273301988902,0
random_sparse,0,False,0.98,1977,2000,0.1793103448275862,17176.259240616848,17095.273301988902,0
random_sparse,0,True,0.0,2000,2000,0.8103448275862069,19769.22151233716,19316.265763212294,2
random_sparse,0,True,0.2,13,2000,0.8448275862068966,17196.232368532175,17196.232368532175,1
random_sparse,0,True,0.4,10,2000,0.7551724137931034,17236.248420249853,17236.248420249853,1
random_sparse,0,True,0.5,14,2000,0.7551724137931034,17236.248420249853,17236.248420249853,1
random_sparse,0,True,0.6,20,2000,0.7551724137931034,17236.248420249853,17236.248420249853,1
random_sparse,0,True,0.7,24,2000,0.8724137931034482,17235.24461467859,17235.24461467859,1
random_sparse,0,True,0.8,36,2000,0.8724137931034482,17235.24461467859,17235.24461467859,1
random_sparse,0,True,0.9,66,2000,0.8724137931034482,17235.24461467859,17235.24461467859,1
random_sparse,0,True,0.95,129,2000,0.8724137931034482,17235.24461467859,17235.24461467859,1
random_sparse,0,True,0.98,324,2000,0.8724137931034482,17235.24461467859,17235.24461467859,1
random_sparse,1,False,0.0,2000,2000,0.03389830508474576,15816.259885933783,14906.257343925648,0
random_sparse,1,False,0.2,2000,2000,0.05084745762711865,15599.25375828451,14188.242168833332,0
random_sparse,1,False,0.4,2000,2000,0.2796610169491525,13813.25086106156,13645.257450677462,0
random_sparse,1,False,0.5,2000,2000,0.2754237288135593,13891.25685926803,13645.257450677462,0
random_sparse,1,False,0.6,2000,2000,0.2711864406779661,13888.251405490364,13645.257450677462,0
random_sparse,1,False,0.7,1994,2000,0.2711864406779661,13645.257450677462,13645.257450677462,0
random_sparse,1,False,0.8,2000,2000,0.025423728813559324,14387.259334248627,13669.272195947398,0
random_sparse,1,False,0.9,2000,2000,0.046610169491525424,14355.243848624197,13669.272195947398,0
random_sparse,1,False,0.95,2000,2000,0.029661016949152543,14742.265248828566,13807.272440251674,0
random_sparse,1,False,0.98,1999,2000,0.0,15755.229203412806,13900.282805667812,0
random_sparse,1,True,0.0,2000,2000,0.7966101694915254,15644.257006918497,15414.244084180491,2
random_sparse,1,True,0.2,29,2000,0.7754237288135594,13697.265328303602,13697.265328303602,1
random_sparse,1,True,0.4,10,2000,0.6864406779661016,13725.249641250002,13725.249641250002,1
random_sparse,1,True,0.5,14,2000,0.7711864406779662,13752.24887947685,13752.24887947685,1
random_sparse,1,True,0.6,43,2000,0.7669491525423728,13722.251189553057,13722.251189553057,1
random_sparse,1,True,0.7,78,2000,0.788135593220339,13726.233530879104,13726.233530879104,1
random_sparse,1,True,0.8,145,2000,0.7754237288135594,13789.23829876133,13789.23829876133,1
random_sparse,1,True,0.9,263,2000,0.7754237288135594,13787.244717290874,13787.244717290874,1
random_sparse,1,True,0.95,507,2000,0.7754237288135594,13787.244717290874,13787.244717290874,1
random_sparse,1,True,0.98,1205,2000,0.7754237288135594,13787.244717290874,13787.244717290874,1
random_sparse,2,False,0.0,311,2000,0.14601769911504425,13050.23829344256,13050.23829344256,1
random_sparse,2,False,0.2,98,2000,0.14601769911504425,13050.23829344256,13050.23829344256,1
random_sparse,2,False,0.4,38,2000,0.14601769911504425,13050.23829344256,13050.23829344256,1
random_sparse,2,False,0.5,31,2000,0.14601769911504425,13050.23829344256,13050.23829344256,1
random_sparse,2,False,0.6,30,2000,0.14601769911504425,13050.23829344256,13050.23829344256,1
random_sparse,2,False,0.7,27,2000,0.14601769911504425,13050.23829344256,13050.23829344256,1
random_sparse,2,False,0.8,35,2000,0.14601769911504425,13050.23829344256,13050.23829344256,1
random_sparse,2,False,0.9,66,2000,0.14601769911504425,13050.23829344256,13050.23829344256,1
random_sparse,2,False,0.95,128,2000,0.14601769911504425,13050.23829344256,13050.23829344256,1
random_sparse,2,False,0.98,316,2000,0.14601769911504425,13050.23829344256,13050.23829344256,1
random_sparse,2,True,0.0,2000,2000,0.7433628318584071,16099.23042480202,15506.251531887423,2
random_sparse,2,True,0.2,17,2000,0.7964601769911505,13050.23829344256,13050.23829344256,1
random_sparse,2,True,0.4,20,2000,0.8008849557522124,13144.2445143995,13144.2445143995,1
random_sparse,2,True,0.5,38,2000,0.7964601769911505,13064.238931180007,13064.238931180007,1
random_sparse,2,True,0.6,47,2000,0.7964601769911505,13064.238931180007,13064.238931180007,1
random_sparse,2,True,0.7,61,2000,0.7964601769911505,13064.238931180007,13064.238931180007,1
random_sparse,2,True,0.8,72,2000,0.7964601769911505,13064.238931180007,13064.238931180007,1
random_sparse,2,True,0.9,93,2000,0.7964601769911505,13064.238931180007,13064.238931180007,1
random_sparse,2,True,0.95,175,2000,0.7964601769911505,13064.238931180007,13064.238931180007,1
random_sparse,2,True,0.98,429,2000,0.7964601769911505,13064.238931180007,13064.238931180007,1
random_sparse,3,False,0.0,2000,2000,0.23790322580645162,15060.237553831746,14415.260476875103,0
random_sparse,3,False,0.2,2000,2000,0.11693548387096774,14998.240349433385,14415.260476875103,37
random_sparse,3,False,0.4,2000,2000,0.11290322580645161,14998.240349433385,14415.260476875103,0
random_sparse,3,False,0.5,2000,2000,0.1935483870967742,14943.246670603863,14415.260476875103,0
random_sparse,3,False,0.6,2000,2000,0.11290322580645161,14895.24876593317,14415.260476875103,0
random_sparse,3,False,0.7,2000,2000,0.2056451612903226,14774.253596061431,14415.260476875103,0
random_sparse,3,False,0.8,1988,2000,0.29838709677419356,14415.260476875103,14415.260476875103,0
random_sparse,3,False,0.9,1980,2000,0.2782258064516129,14415.260476875103,14415.260476875103,0
random_sparse,3,False,0.95,1991,2000,0.2217741935483871,14453.253094553324,14415.260476875103,0
random_sparse,3,False,0.98,2000,2000,0.17338709677419356,14659.253948857471,14415.260476875103,0
random_sparse,3,True,0.0,2000,2000,0.7701612903225806,17169.224642758043,16729.242885354983,2
random_sparse,3,True,0.2,22,2000,0.7419354838709677,14657.244396291168,14657.244396291168,1
random_sparse,3,True,0.4,24,2000,0.7862903225806451,14639.24488435563,14639.24488435563,1
random_sparse,3,True,0.5,12,2000,0.8024193548387096,14655.232122935975,14655.232122935975,1
random_sparse,3,True,0.6,27,2000,0.7741935483870968,14734.21502644275,14734.21502644275,1
random_sparse,3,True,0.7,37,2000,0.8024193548387096,14543.238252519062,14543.238252519062,1
random_sparse,3,True,0.8,40,2000,0.7701612903225806,14415.260476875103,14415.260476875103,1
random_sparse,3,True,0.9,88,2000,0.7379032258064516,14614.231008256591,14614.231008256591,1
random_sparse,3,True,0.95,181,2000,0.7379032258064516,14614.231008256591,14614.231008256591,1
random_sparse,3,True,0.98,316,2000,0.7661290322580645,14645.228279303376,14645.228279303376,1
random_sparse,4,False,0.0,2000,2000,0.03937007874015748,17230.245590950395,15824.249636989925,0
random_sparse,4,False,0.2,2000,2000,0.21653543307086615,14947.261962514769,14853.264602928759,34
random_sparse,4,False,0.4,229,2000,0.25196850393700787,14866.237110586739,14866.237110586739,1
random_sparse,4,False,0.5,107,2000,0.25196850393700787,14866.237110586739,14866.237110586739,1
random_sparse,4,False,0.6,335,2000,0.25196850393700787,14866.237110586739,14866.237110586739,1
random_sparse,4,False,0.7,282,2000,0.25196850393700787,14866.237110586739,14866.237110586739,1
random_sparse,4,False,0.8,355,2000,0.25196850393700787,14866.237110586739,14866.237110586739,1
random_sparse,4,False,0.9,237,2000,0.25196850393700787,14866.237110586739,14866.237110586739,1
random_sparse,4,False,0.95,470,2000,0.25196850393700787,14866.237110586739,14866.237110586739,1
random_sparse,4,False,0.98,1193,2000,0.25196850393700787,14866.237110586739,14866.237110586739,1
random_sparse,4,True,0.0,2000,2000,0.7480314960629921,17428.26064507269,17089.268673872088,2
random_sparse,4,True,0.2,2000,2000,0.7559055118110236,16223.258259384696,15998.260461780932,2
random_sparse,4,True,0.4,26,2000,0.7874015748031497,14989.284279026188,14989.284279026188,1
random_sparse,4,True,0.5,27,2000,0.7874015748031497,14989.284279026188,14989.284279026188,1
random_sparse,4,True,0.6,30,2000,0.7874015748031497,14989.284279026188,14989.284279026188,1
random_sparse,4,True,0.7,50,2000,0.7637795275590551,14966.275286893515,14966.275286893515,1
random_sparse,4,True,0.8,80,2000,0.7637795275590551,14957.276201372646,14957.276201372646,1
random_sparse,4,True,0.9,47,2000,0.7362204724409449,15163.24528144148,15163.24528144148,1
random_sparse,4,True,0.95,67,2000,0.7362204724409449,15163.24528144148,15163.24528144148,1
random_sparse,4,True,0.98,159,2000,0.7362204724409449,15163.24528144148,15163.24528144148,1
random_sparse,5,False,0.0,19,2000,0.47058823529411764,15737.26836013885,15737.26836013885,1
random_sparse,5,False,0.2,20,2000,0.47058823529411764,15737.26836013885,15737.26836013885,1
random_sparse,5,False,0.4,24,2000,0.47058823529411764,15737.26836013885,15737.26836013885,1
random_sparse,5,False,0.5,23,2000,0.47058823529411764,15737.26836013885,15737.26836013885,1
random_sparse,5,False,0.6,21,2000,0.47058823529411764,15737.26836013885,15737.26836013885,1
random_sparse,5,False,0.7,20,2000,0.47058823529411764,15737.26836013885,15737.26836013885,1
random_sparse,5,False,0.8,28,2000,0.47058823529411764,15737.26836013885,15737.26836013885,1
random_sparse,5,False,0.9,51,2000,0.47058823529411764,15737.26836013885,15737.26836013885,1
random_sparse,5,False,0.95,97,2000,0.47058823529411764,15737.26836013885,15737.26836013885,1
random_sparse,5,False,0.98,236,2000,0.47058823529411764,15737.26836013885,15737.26836013885,1
random_sparse,5,True,0.0,2000,2000,0.8161764705882353,16320.274719173838,16268.28192302896,2
random_sparse,5,True,0.2,16,2000,0.8161764705882353,15862.274287652035,15862.274287652035,1
random_sparse,5,True,0.4,12,2000,0.8014705882352942,15892.264406755965,15892.264406755965,1
random_sparse,5,True,0.5,20,2000,0.8014705882352942,15943.275849004398,15943.275849004398,1
random_sparse,5,True,0.6,22,2000,0.8125,15825.24754877695,15825.24754877695,1
random_sparse,5,True,0.7,26,2000,0.8125,15825.24754877695,15825.24754877695,1
random_sparse,5,True,0.8,22,2000,0.8014705882352942,15892.264406755965,15892.264406755965,1
random_sparse,5,True,0.9,19,2000,0.7757352941176471,15941.266883176957,15941.266883176957,1
random_sparse,5,True,0.95,35,2000,0.7757352941176471,15941.266883176957,15941.266883176957,1
random_sparse,5,True,0.98,86,2000,0.7757352941176471,15941.266883176957,15941.266883176957,1
random_sparse,6,False,0.0,2000,2000,0.0708955223880597,17753.26066318595,15992.261597674265,0
random_sparse,6,False,0.2,2000,2000,0.13805970149253732,16676.26849639384,15649.249671839882,0
random_sparse,6,False,0.4,2000,2000,0.15671641791044777,15666.253122795335,15629.249765300387,0
random_sparse,6,False,0.5,2000,2000,0.055970149253731345,16324.235492213798,15643.24480660687,0
random_sparse,6,False,0.6,151,2000,0.2835820895522388,15629.249765300387,15629.249765300387,1
random_sparse,6,False,0.7,2000,2000,0.014925373134328358,17280.25590012268,15629.249765300387,0
random_sparse,6,False,0.8,2000,2000,0.11194029850746269,16183.237641313024,15635.249022788279,0
random_sparse,6,False,0.9,2000,2000,0.05223880597014925,17827.258786623563,15635.249022788279,0
random_sparse,6,False,0.95,2000,2000,0.033582089552238806,16837.25084229214,15635.249022788279,0
random_sparse,6,False,0.98,1987,2000,0.09701492537313433,15798.254616378794,15635.249022788279,0
random_sparse,6,True,0.0,2000,2000,0.8059701492537313,17320.26335084233,16965.248668568147,2
random_sparse,6,True,0.2,12,2000,0.8022388059701493,15678.242171543956,15678.242171543956,1
random_sparse,6,True,0.4,14,2000,0.8022388059701493,15629.249765300387,15629.249765300387,1
random_sparse,6,True,0.5,17,2000,0.835820895522388,15654.2596326534,15654.2596326534,1
random_sparse,6,True,0.6,15,2000,0.8022388059701493,15629.249765300387,15629.249765300387,1
random_sparse,6,True,0.7,17,2000,0.7910447761194029,15677.249526889556,15677.249526889556,1
random_sparse,6,True,0.8,36,2000,0.7910447761194029,15677.249526889556,15677.249526889556,1
random_sparse,6,True,0.9,64,2000,0.7910447761194029,15677.249526889556,15677.249526889556,1
random_sparse,6,True,0.95,139,2000,0.7910447761194029,15677.249526889556,15677.249526889556,1
random_sparse,6,True,0.98,365,2000,0.7910447761194029,15677.249526889556,15677.249526889556,1
random_sparse,7,False,0.0,2000,2000,0.033582089552238806,19527.218374890366,17616.229058135785,0
random_sparse,7,False,0.2,2000,2000,0.007462686567164179,18963.271897123188,16036.243211351659,0
random_sparse,7,False,0.4,2000,2000,0.007462686567164179,18038.250975141877,15879.245710766201,0
random_sparse,7,False,0.5,2000,2000,0.0,17062.293230930554,15745.237361560758,0
random_sparse,7,False,0.6,2000,2000,0.011194029850746268,16981.258383936292,15778.26661720495,0
random_sparse,7,False,0.7,2000,2000,0.0037313432835820895,17427.235911456293,15787.26737016075,0
random_sparse,7,False,0.8,2000,2000,0.014925373134328358,17838.247557351973,15778.26661720495,0
random_sparse,7,False,0.9,2000,2000,0.022388059701492536,16700.26445291869,15753.230944815354,0
random_sparse,7,False,0.95,2000,2000,0.014925373134328358,16538.24969859934,15800.265171926523,0
random_sparse,7,False,0.98,1999,2000,0.07462686567164178,16251.28783507462,15917.265351489255,0
random_sparse,7,True,0.0,2000,2000,0.832089552238806,18885.290553459938,18242.253185420366,2
random_sparse,7,True,0.2,28,2000,0.832089552238806,15728.274080917767,15728.274080917767,1
random_sparse,7,True,0.4,16,2000,0.7947761194029851,15795.259591701082,15795.259591701082,1
random_sparse,7,True,0.5,18,2000,0.7089552238805971,15936.261319058454,15936.261319058454,1
random_sparse,7,True,0.6,68,2000,0.7052238805970149,15838.259905972574,15838.259905972574,1
random_sparse,7,True,0.7,164,2000,0.8134328358208955,15954.257848154835,15954.257848154835,1
random_sparse,7,True,0.8,246,2000,0.8134328358208955,15954.257848154835,15954.257848154835,1
random_sparse,7,True,0.9,444,2000,0.8134328358208955,15954.257848154835,15954.257848154835,1
random_sparse,7,True,0.95,856,2000,0.8134328358208955,15954.257848154835,15954.257848154835,1
random_sparse,7,True,0.98,1701,2000,0.7835820895522388,15954.257848154835,15954.257848154835,1
random_sparse,8,False,0.0,2000,2000,0.018867924528301886,14760.27980855929,13734.217893244244,0
random_sparse,8,False,0.2,2000,2000,0.009433962264150943,13744.25767762984,12832.264200506632,0
random_sparse,8,False,0.4,2000,2000,0.0,14021.225092539238,12534.229908242723,0
random_sparse,8,False,0.5,2000,2000,0.0,13918.211559878888,12401.248022768526,0
random_sparse,8,False,0.6,2000,2000,0.0047169811320754715,13800.26580450915,12241.208722604277,0
random_sparse,8,False,0.7,2000,2000,0.0,13759.268035457297,12334.259744517842,0
random_sparse,8,False,0.8,2000,2000,0.0047169811320754715,13955.255651394811,12234.223739641582,0
random_sparse,8,False,0.9,2000,2000,0.0047169811320754715,13116.257327452382,12221.21406714136,0
random_sparse,8,False,0.95,2000,2000,0.0,13261.22329024574,12221.21406714136,0
random_sparse,8,False,0.98,1998,2000,0.0,13844.240701322335,12221.21406714136,0
random_sparse,8,True,0.0,2000,2000,0.7264150943396226,15082.26185078584,14329.224087022856,2
random_sparse,8,True,0.2,2000,2000,0.6556603773584906,12607.241877767776,12529.247770635902,2
random_sparse,8,True,0.4,47,2000,0.7169811320754716,12311.240926851115,12311.240926851115,1
random_sparse,8,True,0.5,55,2000,0.7169811320754716,12311.240926851115,12311.240926851115,1
random_sparse,8,True,0.6,76,2000,0.7169811320754716,12311.240926851115,12311.240926851115,1
random_sparse,8,True,0.7,102,2000,0.7169811320754716,12311.240926851115,12311.240926851115,1
random_sparse,8,True,0.8,149,2000,0.7169811320754716,12311.240926851115,12311.240926851115,1
random_sparse,8,True,0.9,266,2000,0.7169811320754716,12311.240926851115,12311.240926851115,1
random_sparse,8,True,0.95,519,2000,0.7169811320754716,12311.240926851115,12311.240926851115,1
random_sparse,8,True,0.98,1281,2000,0.7169811320754716,12311.240926851115,12311.240926851115,1
random_sparse,9,False,0.0,2000,2000,0.076158940397351,21819.246689133757,19323.25162423838,0
random_sparse,9,False,0.2,2000,2000,0.06291390728476821,20413.2366874476,17950.2722695874,0
random_sparse,9,False,0.4,2000,2000,0.04966887417218543,19255.257779028914,17950.2722695874,0
random_sparse,9,False,0.5,2000,2000,0.016556291390728478,20255.279117624737,17950.2722695874,0
random_sparse,9,False,0.6,2000,2000,0.06622516556291391,18594.278682555097,17950.2722695874,0
random_sparse,9,False,0.7,2000,2000,0.15562913907284767,18827.235069945586,17950.2722695874,0
random_sparse,9,False,0.8,2000,2000,0.07947019867549669,18943.257104380078,18021.262671879726,0
random_sparse,9,False,0.9,2000,2000,0.013245033112582781,20253.243111223248,17950.2722695874,0
random_sparse,9,False,0.95,1999,2000,0.026490066225165563,19383.22251599551,18006.264944448794,0
random_sparse,9,False,0.98,1995,2000,0.03642384105960265,19257.23012544995,18052.27819319603,0
random_sparse,9,True,0.0,2000,2000,0.8543046357615894,20596.22749305149,20480.273453368452,2
random_sparse,9,True,0.2,18,2000,0.8841059602649006,18048.226311073366,18048.226311073366,1
random_sparse,9,True,0.4,51,2000,0.8245033112582781,18114.237421143735,18114.237421143735,1
random_sparse,9,True,0.5,21,2000,0.8245033112582781,18114.237421143735,18114.237421143735,1
random_sparse,9,True,0.6,21,2000,0.8079470198675497,18178.244711203737,18178.244711203737,1
random_sparse,9,True,0.7,52,2000,0.8841059602649006,18048.226311073366,18048.226311073366,1
random_sparse,9,True,0.8,20,2000,0.8145695364238411,18152.23472265698,18152.23472265698,1
random_sparse,9,True,0.9,33,2000,0.8145695364238411,18152.23472265698,18152.23472265698,1
random_sparse,9,True,0.95,145,2000,0.8410596026490066,18109.232456877748,18109.232456877748,1
random_sparse,9,True,0.98,370,2000,0.8410596026490066,18109.232456877748,18109.232456877748,1
random_sparse,10,False,0.0,2000,2000,0.02734375,18047.25119092852,16237.235493281338,0
random_sparse,10,False,0.2,2000,2000,0.00390625,18292.233136975054,15104.265414882148,0
random_sparse,10,False,0.4,2000,2000,0.11328125,15819.266450199026,15086.249754684874,0
random_sparse,10,False,0.5,2000,2000,0.01171875,16566.25589095716,15100.252599094081,0
random_sparse,10,False,0.6,1424,2000,0.234375,15004.251269516268,14985.247260792788,1
random_sparse,10,False,0.7,2000,2000,0.0,16622.26760951905,14970.229783243258,0
random_sparse,10,False,0.8,1268,2000,0.13671875,14937.239345551863,14937.239345551863,1
random_sparse,10,False,0.9,2000,2000,0.0390625,16032.217612050013,14973.216464015593,0
random_sparse,10,False,0.95,1997,2000,0.0546875,15532.25000533948,14971.241887033795,0
random_sparse,10,False,0.98,1994,2000,0.09765625,15206.238031081206,14981.2316139247,0
random_sparse,10,True,0.0,2000,2000,0.76171875,18944.254388202065,17773.24758898602,2
random_sparse,10,True,0.2,39,2000,0.82421875,14968.260717602836,14968.260717602836,1
random_sparse,10,True,0.4,34,2000,0.7890625,15044.228974981334,15044.228974981334,1
random_sparse,10,True,0.5,23,2000,0.7109375,15129.24183446717,15129.24183446717,1
random_sparse,10,True,0.6,54,2000,0.7890625,15044.228974981334,15044.228974981334,1
random_sparse,10,True,0.7,80,2000,0.7890625,15044.228974981334,15044.228974981334,1
random_sparse,10,True,0.8,42,2000,0.7265625,15134.245302078625,15134.245302078625,1
random_sparse,10,True,0.9,583,2000,0.75390625,15069.24042141706,15069.24042141706,1
random_sparse,10,True,0.95,617,2000,0.75390625,15069.24042141706,15069.24042141706,1
random_sparse,10,True,0.98,562,2000,0.8359375,15070.227130396528,15070.227130396528,1
random_sparse,11,False,0.0,2000,2000,0.020161290322580645,17342.22737375388,15018.23603349124,0
random_sparse,11,False,0.2,2000,2000,0.22983870967741934,14426.226609473004,14302.23481790239,0
random_sparse,11,False,0.4,2000,2000,0.2217741935483871,14378.21563364124,14302.23481790239,0
random_sparse,11,False,0.5,2000,2000,0.22580645161290322,14414.220940458483,14302.23481790239,0
random_sparse,11,False,0.6,252,2000,0.3185483870967742,14340.221892553827,14340.221892553827,1
random_sparse,11,False,0.7,2000,2000,0.16532258064516128,14374.218728375612,14302.23481790239,0
random_sparse,11,False,0.8,1998,2000,0.2056451612903226,14484.220332795892,14302.23481790239,0
random_sparse,11,False,0.9,1999,2000,0.1935483870967742,14364.224397390133,14302.23481790239,0
random_sparse,11,False,0.95,1995,2000,0.2056451612903226,14417.225005052725,14302.23481790239,0
random_sparse,11,False,0.98,1999,2000,0.024193548387096774,16173.222196773106,14356.208712522875,0
random_sparse,11,True,0.0,2000,2000,0.7701612903225806,16848.250935061897,16560.235926128313,2
random_sparse,11,True,0.2,10,2000,0.7701612903225806,14456.250598118113,14456.250598118113,1
random_sparse,11,True,0.4,10,2000,0.7701612903225806,14456.250598118113,14456.250598118113,1
random_sparse,11,True,0.5,10,2000,0.7298387096774194,14460.260960860855,14460.260960860855,1
random_sparse,11,True,0.6,15,2000,0.7298387096774194,14460.260960860855,14460.260960860855,1
random_sparse,11,True,0.7,13,2000,0.7298387096774194,14460.260960860855,14460.260960860855,1
random_sparse,11,True,0.8,16,2000,0.7298387096774194,14460.260960860855,14460.260960860855,1
random_sparse,11,True,0.9,27,2000,0.7298387096774194,14460.260960860855,14460.260960860855,1
random_sparse,11,True,0.95,51,2000,0.7298387096774194,14460.260960860855,14460.260960860855,1
random_sparse,11,True,0.98,129,2000,0.7298387096774194,14460.260960860855,14460.260960860855,1
random_sparse,12,False,0.0,2000,2000,0.018518518518518517,14785.259812612474,13687.254423517259,0
random_sparse,12,False,0.2,2000,2000,0.0,14548.246066741005,12495.226959237569,0
random_sparse,12,False,0.4,176,2000,0.14351851851851852,12422.244433377842,12422.244433377842,1
random_sparse,12,False,0.5,1128,2000,0.21296296296296297,12407.220197366514,12407.220197366514,1
random_sparse,12,False,0.6,575,2000,0.125,12435.261067633941,12435.261067633941,1
random_sparse,12,False,0.7,787,2000,0.14351851851851852,12422.244433377842,12422.244433377842,1
random_sparse,12,False,0.8,337,2000,0.14351851851851852,12422.244433377842,12422.244433377842,1
random_sparse,12,False,0.9,953,2000,0.14351851851851852,12422.244433377842,12422.244433377842,1
random_sparse,12,False,0.95,1998,2000,0.004629629629629629,13462.252616190824,12550.253265535439,0
random_sparse,12,False,0.98,1966,2000,0.06944444444444445,12594.237029708887,12550.253265535439,0
random_sparse,12,True,0.0,2000,2000,0.6342592592592593,14555.239956922633,14348.231600735047,2
random_sparse,12,True,0.2,46,2000,0.6805555555555556,12547.236837171984,12547.236837171984,1
random_sparse,12,True,0.4,61,2000,0.6805555555555556,12547.236837171984,12547.236837171984,1
random_sparse,12,True,0.5,10,2000,0.7407407407407407,12607.258589866411,12607.258589866411,1
random_sparse,12,True,0.6,11,2000,0.7407407407407407,12607.258589866411,12607.258589866411,1
random_sparse,12,True,0.7,13,2000,0.7407407407407407,12607.258589866411,12607.258589866411,1
random_sparse,12,True,0.8,17,2000,0.7407407407407407,12607.258589866411,12607.258589866411,1
random_sparse,12,True,0.9,30,2000,0.7407407407407407,12607.258589866411,12607.258589866411,1
random_sparse,12,True,0.95,54,2000,0.7407407407407407,12607.258589866411,12607.258589866411,1
random_sparse,12,True,0.98,127,2000,0.7407407407407407,12607.258589866411,12607.258589866411,1
random_sparse,13,False,0.0,2000,2000,0.042735042735042736,16500.284002766366,14999.268245282365,0
random_sparse,13,False,0.2,1998,2000,0.2094017094017094,13481.274757260015,13481.274757260015,0
random_sparse,13,False,0.4,2000,2000,0.20085470085470086,13585.27807491666,13481.274757260015,0
random_sparse,13,False,0.5,720,2000,0.3333333333333333,13570.267560339058,13481.274757260015,1
random_sparse,13,False,0.6,324,2000,0.19230769230769232,13559.269165920794,13481.274757260015,1
random_sparse,13,False,0.7,809,2000,0.19230769230769232,13559.269165920794,13481.274757260015,1
random_sparse,13,False,0.8,1950,2000,0.21794871794871795,13481.274757260015,13481.274757260015,0
random_sparse,13,False,0.9,1915,2000,0.19230769230769232,13481.274757260015,13481.274757260015,0
random_sparse,13,False,0.95,1955,2000,0.20512820512820512,13481.274757260015,13481.274757260015,0
random_sparse,13,False,0.98,2000,2000,0.02564102564102564,15103.254163240577,13481.274757260015,0
random_sparse,13,True,0.0,2000,2000,0.6923076923076923,17424.246617003155,15970.253041661965,2
random_sparse,13,True,0.2,17,2000,0.782051282051282,13681.280919727405,13681.280919727405,1
random_sparse,13,True,0.4,32,2000,0.7606837606837606,13666.292884587167,13666.292884587167,1
random_sparse,13,True,0.5,14,2000,0.7051282051282052,13781.305134365415,13781.305134365415,1
random_sparse,13,True,0.6,15,2000,0.7777777777777778,13792.256528198006,13792.256528198006,1
random_sparse,13,True,0.7,16,2000,0.7307692307692307,13816.281345068477,13816.281345068477,1
random_sparse,13,True,0.8,15,2000,0.7307692307692307,13816.281345068477,13816.281345068477,1
random_sparse,13,True,0.9,25,2000,0.7777777777777778,13792.256528198006,13792.256528198006,1
random_sparse,13,True,0.95,45,2000,0.7777777777777778,13792.256528198006,13792.256528198006,1
random_sparse,13,True,0.98,87,2000,0.7777777777777778,13792.256528198006,13792.256528198006,1
random_sparse,14,False,0.0,2000,2000,0.012195121951219513,18003.227298432026,15132.251680263114,0
random_sparse,14,False,0.2,341,2000,0.1991869918699187,14352.268147806797,14343.25131209487,1
random_sparse,14,False,0.4,149,2000,0.2073170731707317,14380.274235652776,14364.248371051208,1
random_sparse,14,False,0.5,899,2000,0.1991869918699187,14352.268147806797,14341.230124548296,1
random_sparse,14,False,0.6,2000,2000,0.14227642276422764,14450.23456754612,14343.25131209487,49
random_sparse,14,False,0.7,178,2000,0.1991869918699187,14352.268147806797,14352.268147806797,1
random_sparse,14,False,0.8,1998,2000,0.04065040650406504,14673.255127686702,14341.230124548296,0
random_sparse,14,False,0.9,2000,2000,0.028455284552845527,15546.227818524543,14341.230124548296,0
random_sparse,14,False,0.95,1999,2000,0.10975609756097561,14510.26502242774,14341.230124548296,0
random_sparse,14,False,0.98,2000,2000,0.012195121951219513,15645.21497855257,14504.26959129039,0
random_sparse,14,True,0.0,2000,2000,0.7682926829268293,16849.22264979227,16738.22123444571,2
random_sparse,14,True,0.2,14,2000,0.7520325203252033,14356.240783441535,14356.240783441535,1
random_sparse,14,True,0.4,15,2000,0.7967479674796748,14473.22632879091,14473.22632879091,1
random_sparse,14,True,0.5,9,2000,0.7804878048780488,14452.22900285088,14452.22900285088,1
random_sparse,14,True,0.6,17,2000,0.8089430894308943,14434.221040154778,14434.221040154778,1
random_sparse,14,True,0.7,20,2000,0.8048780487804879,14440.226840011901,14440.226840011901,1
random_sparse,14,True,0.8,54,2000,0.7926829268292683,14419.230115885111,14419.230115885111,1
random_sparse,14,True,0.9,27,2000,0.7520325203252033,14356.240783441535,14356.240783441535,1
random_sparse,14,True,0.95,55,2000,0.7520325203252033,14356.240783441535,14356.240783441535,1
random_sparse,14,True,0.98,143,2000,0.7520325203252033,14356.240783441535,14356.240783441535,1
random_sparse,15,False,0.0,2000,2000,0.24107142857142858,14170.283480319205,13809.28353281376,12
random_sparse,15,False,0.2,2000,2000,0.14732142857142858,13228.276898278616,12917.258858435873,0
random_sparse,15,False,0.4,2000,2000,0.0,14172.283351699474,12889.260870308068,0
random_sparse,15,False,0.5,2000,2000,0.07589285714285714,13106.271705951487,12887.272446830893,0
random_sparse,15,False,0.6,2000,2000,0.13392857142857142,13225.271767037442,12892.284175315166,0
random_sparse,15,False,0.7,2000,2000,0.013392857142857142,13867.238977655214,12904.266878412296,0
random_sparse,15,False,0.8,1693,2000,0.16517857142857142,12886.26390136108,12886.26390136108,1
random_sparse,15,False,0.9,1993,2000,0.08482142857142858,12967.253657544954,12910.28262448715,0
random_sparse,15,False,0.95,2000,2000,0.13392857142857142,13344.270992387195,12937.270896477106,0
random_sparse,15,False,0.98,1998,2000,0.008928571428571428,14389.246022508692,12931.28498618556,0
random_sparse,15,True,0.0,2000,2000,0.7276785714285714,14453.275672524996,14403.272769246489,2
random_sparse,15,True,0.2,9,2000,0.6919642857142857,13061.265443378665,13061.265443378665,1
random_sparse,15,True,0.4,9,2000,0.6919642857142857,13061.265443378665,13061.265443378665,1
random_sparse,15,True,0.5,11,2000,0.6919642857142857,13061.265443378665,13061.265443378665,1
random_sparse,15,True,0.6,13,2000,0.7098214285714286,13098.285886100164,13098.285886100164,1
random_sparse,15,True,0.7,25,2000,0.7410714285714286,13042.270383336378,13042.270383336378,1
random_sparse,15,True,0.8,31,2000,0.6919642857142857,13061.265443378665,13061.265443378665,1
random_sparse,15,True,0.9,64,2000,0.6919642857142857,13061.265443378665,13061.265443378665,1
random_sparse,15,True,0.95,165,2000,0.6919642857142857,13061.265443378665,13061.265443378665,1
random_sparse,15,True,0.98,468,2000,0.6919642857142857,13061.265443378665,13061.265443378665,1
random_sparse,16,False,0.0,2000,2000,0.05263157894736842,18405.234303922098,16739.270173715922,0
random_sparse,16,False,0.2,688,2000,0.3533834586466165,15631.244068372389,15631.244068372389,1
random_sparse,16,False,0.4,325,2000,0.3533834586466165,15631.244068372389,15631.244068372389,1
random_sparse,16,False,0.5,892,2000,0.3533834586466165,15631.244068372389,15631.244068372389,1
random_sparse,16,False,0.6,2000,2000,0.03759398496240601,17548.28264538169,15678.279611088103,0
random_sparse,16,False,0.7,421,2000,0.3533834586466165,15631.244068372389,15631.244068372389,1
random_sparse,16,False,0.8,765,2000,0.3533834586466165,15631.244068372389,15631.244068372389,1
random_sparse,16,False,0.9,459,2000,0.3533834586466165,15631.244068372389,15631.244068372389,1
random_sparse,16,False,0.95,1999,2000,0.015037593984962405,16432.28313509676,15678.279611088103,0
random_sparse,16,False,0.98,1999,2000,0.05263157894736842,16390.265147600658,15697.272239762096,0
random_sparse,16,True,0.0,2000,2000,0.7781954887218046,17948.23327518117,17932.26162769051,2
random_sparse,16,True,0.2,16,2000,0.8233082706766918,15757.264864104298,15757.264864104298,1
random_sparse,16,True,0.4,1999,2000,0.7781954887218046,15761.26175172963,15732.262506441859,35
random_sparse,16,True,0.5,1999,2000,0.7744360902255639,15761.26175172963,15732.262506441859,21
random_sparse,16,True,0.6,2000,2000,0.8007518796992481,15732.262506441859,15732.262506441859,0
random_sparse,16,True,0.7,1993,2000,0.7969924812030075,15732.262506441859,15732.262506441859,0
random_sparse,16,True,0.8,94,2000,0.7556390977443609,15741.257087817654,15741.257087817654,1
random_sparse,16,True,0.9,137,2000,0.7556390977443609,15741.257087817654,15741.257087817654,1
random_sparse,16,True,0.95,268,2000,0.7556390977443609,15741.257087817654,15741.257087817654,1
random_sparse,16,True,0.98,664,2000,0.7556390977443609,15741.257087817654,15741.257087817654,1
random_sparse,17,False,0.0,2000,2000,0.03508771929824561,15879.25811951976,14356.265292606937,0
random_sparse,17,False,0.2,2000,2000,0.008771929824561403,14751.26477552994,13299.277015654947,0
random_sparse,17,False,0.4,2000,2000,0.03508771929824561,13727.25711319532,13263.24875494845,0
random_sparse,17,False,0.5,1996,2000,0.10964912280701754,13204.212949956109,13199.220073123355,41
random_sparse,17,False,0.6,2000,2000,0.0,14926.247328080099,13194.280976175392,0
random_sparse,17,False,0.7,2000,2000,0.0043859649122807015,14979.23296616961,13208.274737140493,0
random_sparse,17,False,0.8,1986,2000,0.09210526315789473,13213.230916501934,13213.230916501934,0
random_sparse,17,False,0.9,2000,2000,0.0,14326.220470951052,13199.220073123355,0
random_sparse,17,False,0.95,2000,2000,0.017543859649122806,14069.289242509258,13247.227551730255,0
random_sparse,17,False,0.98,1998,2000,0.0043859649122807015,14562.273042314346,13268.26818689036,0
random_sparse,17,True,0.0,2000,2000,0.6929824561403509,16478.247107749394,15386.25964333407,2
random_sparse,17,True,0.2,2000,2000,0.7763157894736842,13699.2474691206,13532.239400775856,2
random_sparse,17,True,0.4,14,2000,0.793859649122807,13326.245124788195,13326.245124788195,1
random_sparse,17,True,0.5,22,2000,0.7543859649122807,13378.235638931099,13378.235638931099,1
random_sparse,17,True,0.6,51,2000,0.7763157894736842,13278.240843978336,13278.240843978336,1
random_sparse,17,True,0.7,33,2000,0.7763157894736842,13372.223086413625,13372.223086413625,1
random_sparse,17,True,0.8,34,2000,0.7763157894736842,13372.223086413625,13372.223086413625,1
random_sparse,17,True,0.9,70,2000,0.7763157894736842,13372.223086413625,13372.223086413625,1
random_sparse,17,True,0.95,169,2000,0.7543859649122807,13378.235638931099,13378.235638931099,1
random_sparse,17,True,0.98,443,2000,0.7543859649122807,13378.235638931099,13378.235638931099,1
random_sparse,18,False,0.0,2000,2000,0.004424778761061947,16093.240927518891,14302.190570845592,0
random_sparse,18,False,0.2,2000,2000,0.008849557522123894,14836.244586865489,13076.22586628662,0
random_sparse,18,False,0.4,815,2000,0.17256637168141592,13076.22586628662,13076.22586628662,1
random_sparse,18,False,0.5,1215,2000,0.17256637168141592,13076.22586628662,13076.22586628662,1
random_sparse,18,False,0.6,1011,2000,0.17256637168141592,13076.22586628662,13076.22586628662,1
random_sparse,18,False,0.7,1081,2000,0.17256637168141592,13076.22586628662,13076.22586628662,1
random_sparse,18,False,0.8,404,2000,0.17256637168141592,13076.22586628662,13076.22586628662,1
random_sparse,18,False,0.9,365,2000,0.17256637168141592,13076.22586628662,13076.22586628662,1
random_sparse,18,False,0.95,1627,2000,0.17256637168141592,13076.22586628662,13076.22586628662,1
random_sparse,18,False,0.98,1998,2000,0.008849557522123894,14178.257918589346,13241.239891451627,0
random_sparse,18,True,0.0,2000,2000,0.8097345132743363,14743.237231684336,14182.235656524947,2
random_sparse,18,True,0.2,31,2000,0.7389380530973452,13291.267451707097,13291.267451707097,1
random_sparse,18,True,0.4,28,2000,0.7433628318584071,13293.274176812438,13293.274176812438,1
random_sparse,18,True,0.5,23,2000,0.7566371681415929,13361.260092288068,13361.260092288068,1
random_sparse,18,True,0.6,18,2000,0.7566371681415929,13361.260092288068,13361.260092288068,1
random_sparse,18,True,0.7,24,2000,0.7699115044247787,13348.258783008685,13348.258783008685,1
random_sparse,18,True,0.8,41,2000,0.7699115044247787,13348.258783008685,13348.258783008685,1
random_sparse,18,True,0.9,1976,2000,0.6814159292035398,13389.253358381759,13389.253358381759,0
random_sparse,18,True,0.95,1966,2000,0.6814159292035398,13389.253358381759,13389.253358381759,0
random_sparse,18,True,0.98,1964,2000,0.6902654867256637,13495.249133294785,13389.253358381759,0
random_sparse,19,False,0.0,2000,2000,0.022935779816513763,14811.246794342847,13127.256385984647,0
random_sparse,19,False,0.2,1709,2000,0.1926605504587156,12505.263905865524,12505.263905865524,1
random_sparse,19,False,0.4,83,2000,0.2706422018348624,12520.257702522513,12520.257702522513,1
random_sparse,19,False,0.5,716,2000,0.2706422018348624,12520.257702522513,12520.257702522513,1
random_sparse,19,False,0.6,548,2000,0.2706422018348624,12520.257702522513,12520.257702522513,1
random_sparse,19,False,0.7,378,2000,0.2706422018348624,12520.257702522513,12520.257702522513,1
random_sparse,19,False,0.8,800,2000,0.2706422018348624,12520.257702522513,12520.257702522513,1
random_sparse,19,False,0.9,915,2000,0.2706422018348624,12520.257702522513,12520.257702522513,1
random_sparse,19,False,0.95,1997,2000,0.05504587155963303,13180.259028076312,12549.265838163377,0
random_sparse,19,False,0.98,1995,2000,0.01834862385321101,12911.252184313313,12596.264224175258,0
random_sparse,19,True,0.0,2000,2000,0.7339449541284404,14755.251308856832,14594.240463429356,2
random_sparse,19,True,0.2,17,2000,0.7614678899082569,12579.244928320228,12579.244928320228,1
random_sparse,19,True,0.4,316,2000,0.7385321100917431,12640.266534618795,12640.266534618795,1
random_sparse,19,True,0.5,658,2000,0.7385321100917431,12640.266534618795,12640.266534618795,1
random_sparse,19,True,0.6,13,2000,0.7339449541284404,12657.273732523196,12657.273732523196,1
random_sparse,19,True,0.7,53,2000,0.7660550458715596,12626.269513552857,12626.269513552857,1
random_sparse,19,True,0.8,80,2000,0.7706422018348624,12609.262315648457,12609.262315648457,1
random_sparse,19,True,0.9,163,2000,0.7706422018348624,12609.262315648457,12609.262315648457,1
random_sparse,19,True,0.95,336,2000,0.7706422018348624,12609.262315648457,12609.262315648457,1
random_sparse,19,True,0.98,875,2000,0.7706422018348624,12609.262315648457,12609.262315648457,1
graph_coloring,0,False,0.0,2000,2000,0.0,620.189697144055,170.1879946443889,2
graph_coloring,0,False,0.2,2000,2000,0.0,740.2318271851468,130.19604420565943,0
graph_coloring,0,False,0.4,2000,2000,0.0,120.27930651367576,60.212034870555755,0
graph_coloring,0,False,0.5,2000,2000,0.0,270.2494707341804,50.21482964377625,0
graph_coloring,0,False,0.6,2000,2000,0.0,310.23813160581807,40.21815885691705,0
graph_coloring,0,False,0.7,2000,2000,0.0,230.21886990941277,50.256122825296835,0
graph_coloring,0,False,0.8,1999,2000,0.0,90.23389090847316,40.21815885691705,0
graph_coloring,0,False,0.9,2000,2000,0.0,130.25923427221127,40.21815885691705,0
graph_coloring,0,False,0.95,1975,2000,0.0,50.261907877102175,40.21873921982554,0
graph_coloring,0,False,0.98,1998,2000,0.0,110.20159470772907,80.2191755766442,0
graph_coloring,0,True,0.0,2000,2000,0.0,1100.2601580693838,190.21109449087558,2
graph_coloring,0,True,0.2,16,2000,0.8275862068965517,60.20760844389362,60.20760844389362,1
graph_coloring,0,True,0.4,32,2000,0.906896551724138,50.23700260782748,50.23700260782748,1
graph_coloring,0,True,0.5,1999,2000,0.8482758620689655,50.23525982393625,50.23525982393625,10
graph_coloring,0,True,0.6,2000,2000,0.8241379310344827,50.25668158313085,50.23525982393625,38
graph_coloring,0,True,0.7,1996,2000,0.8206896551724138,50.25668158313085,50.23984891105249,0
graph_coloring,0,True,0.8,1998,2000,0.8241379310344827,60.23940402341532,50.23525982393625,0
graph_coloring,0,True,0.9,1998,2000,0.8379310344827586,50.23525982393625,50.23525982393625,0
graph_coloring,0,True,0.95,2000,2000,0.8241379310344827,50.25668158313085,50.225727625086655,0
graph_coloring,0,True,0.98,1969,2000,0.8275862068965517,50.24347641667123,50.225727625086655,0
graph_coloring,1,False,0.0,2000,2000,0.0,560.2064133406051,230.18654997823023,2
graph_coloring,1,False,0.2,2000,2000,0.0,370.21701955375244,70.18780395006041,0
graph_coloring,1,False,0.4,2000,2000,0.0,230.18381415538892,20.209674676396517,0
graph_coloring,1,False,0.5,2000,2000,0.0,180.20443490806,20.210480325845083,0
graph_coloring,1,False,0.6,2000,2000,0.0,190.2241729019563,20.209674676396517,0
graph_coloring,1,False,0.7,2000,2000,0.0,200.19722653643754,20.209674676396517,0
graph_coloring,1,False,0.8,2000,2000,0.0,50.19684059717708,20.209074179940597,0
graph_coloring,1,False,0.9,1977,2000,0.0,20.215795472880302,20.210480325845083,0
graph_coloring,1,False,0.95,2000,2000,0.0,240.20884643556522,20.210480325845083,0
graph_coloring,1,False,0.98,2000,2000,0.0,270.22723940433957,20.210480325845083,0
graph_coloring,1,True,0.0,2000,2000,0.0,590.1825772690999,250.18441536948598,2
graph_coloring,1,True,0.2,2000,2000,0.8601694915254238,490.2365956299471,230.22087021658632,2
graph_coloring,1,True,0.4,158,2000,0.8771186440677966,20.227374563129345,20.227374563129345,1
graph_coloring,1,True,0.5,398,2000,0.847457627118644,20.231170073600286,20.231170073600286,1
graph_coloring,1,True,0.6,1995,2000,0.8050847457627118,40.210703826265345,40.2054505962837,0
graph_coloring,1,True,0.7,2000,2000,0.8516949152542372,40.22180991940338,40.21983966099641,0
graph_coloring,1,True,0.8,50,2000,0.8813559322033898,40.22525233592041,40.22525233592041,1
graph_coloring,1,True,0.9,1997,2000,0.847457627118644,40.21983966099641,40.21983966099641,0
graph_coloring,1,True,0.95,1960,2000,0.8559322033898306,40.21983966099641,40.21983966099641,0
graph_coloring,1,True,0.98,1985,2000,0.847457627118644,40.21983966099641,40.21983966099641,0
graph_coloring,2,False,0.0,2000,2000,0.0,580.1601162996668,200.16696533410848,2
graph_coloring,2,False,0.2,2000,2000,0.0,800.2042532189005,130.18135101770724,0
graph_coloring,2,False,0.4,2000,2000,0.0,160.19770454360145,60.178059216896436,0
graph_coloring,2,False,0.5,2000,2000,0.0,230.20075622160124,40.18980150642994,0
graph_coloring,2,False,0.6,2000,2000,0.0,240.1901102451868,50.17231344413234,0
graph_coloring,2,False,0.7,2000,2000,0.0,250.21237184670147,50.16635199950458,0
graph_coloring,2,False,0.8,2000,2000,0.0,140.17648730666605,40.172662168860754,0
graph_coloring,2,False,0.9,2000,2000,0.0,230.20718444524096,50.17450306224558,0
graph_coloring,2,False,0.95,1998,2000,0.0,80.1929344717707,50.17450306224558,0
graph_coloring,2,False,0.98,2000,2000,0.0,160.18267237914512,50.17736282133892,0
graph_coloring,2,True,0.0,2000,2000,0.0,750.1998933702482,270.1691213877521,2
graph_coloring,2,True,0.2,2000,2000,0.6902654867256637,510.2051342000134,230.15836771219898,2
graph_coloring,2,True,0.4,133,2000,0.7300884955752213,30.190979127992083,30.190979127992083,1
graph_coloring,2,True,0.5,60,2000,0.7300884955752213,30.190979127992083,30.190979127992083,1
graph_coloring,2,True,0.6,83,2000,0.7300884955752213,30.190979127992083,30.190979127992083,1
graph_coloring,2,True,0.7,88,2000,0.7300884955752213,30.190979127992083,30.190979127992083,1
graph_coloring,2,True,0.8,42,2000,0.7300884955752213,30.190979127992083,30.190979127992083,1
graph_coloring,2,True,0.9,133,2000,0.7389380530973452,30.19188133563416,30.19188133563416,1
graph_coloring,2,True,0.95,242,2000,0.7389380530973452,30.19188133563416,30.19188133563416,1
graph_coloring,2,True,0.98,605,2000,0.7389380530973452,30.19188133563416,30.19188133563416,1
graph_coloring,3,False,0.0,2000,2000,0.0,700.1828456034979,370.1883115144627,2
graph_coloring,3,False,0.2,2000,2000,0.0,560.1789314243084,280.1696474135805,0
graph_coloring,3,False,0.4,2000,2000,0.0,270.2080747174892,40.203243024539674,0
graph_coloring,3,False,0.5,2000,2000,0.0,260.2009816198299,40.203243024539674,0
graph_coloring,3,False,0.6,2000,2000,0.0,180.2321823197597,40.203243024539674,0
graph_coloring,3,False,0.7,2000,2000,0.0,220.19839057781846,40.20432033832989,0
graph_coloring,3,False,0.8,2000,2000,0.0,140.18970710852193,30.237485962575203,0
graph_coloring,3,False,0.9,2000,2000,0.0,230.20941152478568,40.203243024539674,0
graph_coloring,3,False,0.95,2000,2000,0.0,110.24193340301491,40.20432033832989,0
graph_coloring,3,False,0.98,1979,2000,0.0,60.23402272096698,40.20792430365805,0
graph_coloring,3,True,0.0,2000,2000,0.0,720.2272626420043,420.1165036095831,2
graph_coloring,3,True,0.2,2000,2000,0.8346774193548387,630.2386982274555,350.1936512577592,2
graph_coloring,3,True,0.4,286,2000,0.7338709677419355,40.21067518211922,40.21067518211922,1
graph_coloring,3,True,0.5,16,2000,0.7903225806451613,40.2307364026005,40.2307364026005,1
graph_coloring,3,True,0.6,85,2000,0.7338709677419355,40.21067518211922,40.21067518211922,1
graph_coloring,3,True,0.7,2000,2000,0.782258064516129,40.25095621682102,40.230678764583615,49
graph_coloring,3,True,0.8,168,2000,0.7338709677419355,40.21067518211922,40.21067518211922,1
graph_coloring,3,True,0.9,204,2000,0.7338709677419355,40.21067518211922,40.21067518211922,1
graph_coloring,3,True,0.95,303,2000,0.7338709677419355,40.21067518211922,40.21067518211922,1
graph_coloring,3,True,0.98,340,2000,0.8467741935483871,40.23780888679953,40.23780888679953,1
graph_coloring,4,False,0.0,2000,2000,0.0,540.2206464704409,260.1747843792091,2
graph_coloring,4,False,0.2,2000,2000,0.0,740.2072766443982,120.20173145103398,2
graph_coloring,4,False,0.4,2000,2000,0.0,290.2722444284698,40.21280007383633,0
graph_coloring,4,False,0.5,2000,2000,0.0,90.24314376869569,40.21280007383633,0
graph_coloring,4,False,0.6,2000,2000,0.0,140.21238404791293,40.20916406402663,0
graph_coloring,4,False,0.7,2000,2000,0.0,200.26359209940458,40.1988028105043,0
graph_coloring,4,False,0.8,2000,2000,0.0,330.2483103072418,40.21577943513092,0
graph_coloring,4,False,0.9,2000,2000,0.0,330.23892583134284,40.22009667981809,0
graph_coloring,4,False,0.95,1999,2000,0.0,80.27765811823552,40.202387314902445,0
graph_coloring,4,False,0.98,1998,2000,0.0,60.28160044668917,40.202387314902445,0
graph_coloring,4,True,0.0,2000,2000,0.0,660.2550226096765,390.21544277480564,2
graph_coloring,4,True,0.2,2000,2000,0.8267716535433071,660.2386996614623,310.207116386511,2
graph_coloring,4,True,0.4,36,2000,0.8622047244094488,40.20645895592751,40.20645895592751,1
graph_coloring,4,True,0.5,95,2000,0.7559055118110236,40.21384035570392,40.20618421028071,1
graph_coloring,4,True,0.6,65,2000,0.7519685039370079,40.21384035570392,40.212392841526864,1
graph_coloring,4,True,0.7,2000,2000,0.7795275590551181,40.22565247603845,40.212392841526864,0
graph_coloring,4,True,0.8,132,2000,0.7559055118110236,40.21384035570392,40.212392841526864,1
graph_coloring,4,True,0.9,186,2000,0.7677165354330708,40.222921077257894,40.212392841526864,1
graph_coloring,4,True,0.95,377,2000,0.7677165354330708,40.222921077257894,40.202387314902445,1
graph_coloring,4,True,0.98,968,2000,0.7637795275590551,40.222921077257894,40.202387314902445,1
graph_coloring,5,False,0.0,2000,2000,0.0,640.1821592672111,160.17470372673088,0
graph_coloring,5,False,0.2,2000,2000,0.0,830.1950139755023,90.21422323128637,0
graph_coloring,5,False,0.4,2000,2000,0.0,260.2315937524367,50.21952772458606,0
graph_coloring,5,False,0.5,2000,2000,0.0,120.22078125334103,40.26790452972911,0
graph_coloring,5,False,0.6,2000,2000,0.0,200.21630179171424,40.24796961858772,0
graph_coloring,5,False,0.7,2000,2000,0.0,190.27309431410217,40.20368957522231,0
graph_coloring,5,False,0.8,2000,2000,0.0,140.23119574113903,50.215244402535646,0
graph_coloring,5,False,0.9,1999,2000,0.0,70.22549524730613,50.203233874995995,0
graph_coloring,5,False,0.95,2000,2000,0.0,280.23410577191333,50.21941811330159,0
graph_coloring,5,False,0.98,1996,2000,0.0,140.2425417445685,50.22069362508926,0
graph_coloring,5,True,0.0,2000,2000,0.0,700.1834509134236,270.17793941979824,2
graph_coloring,5,True,0.2,2000,2000,0.7426470588235294,400.2331704846724,200.1782060244462,2
graph_coloring,5,True,0.4,25,2000,0.9227941176470589,50.20524022434323,50.20524022434323,1
graph_coloring,5,True,0.5,42,2000,0.9227941176470589,50.20524022434323,50.20524022434323,1
graph_coloring,5,True,0.6,45,2000,0.9227941176470589,50.20524022434323,50.20524022434323,1
graph_coloring,5,True,0.7,57,2000,0.9227941176470589,50.20524022434323,50.20524022434323,1
graph_coloring,5,True,0.8,82,2000,0.9227941176470589,50.20524022434323,50.20524022434323,1
graph_coloring,5,True,0.9,49,2000,0.9227941176470589,50.20524022434323,50.20524022434323,1
graph_coloring,5,True,0.95,90,2000,0.9227941176470589,50.20524022434323,50.20524022434323,1
graph_coloring,5,True,0.98,677,2000,0.9227941176470589,50.20524022434323,50.20524022434323,1
graph_coloring,6,False,0.0,2000,2000,0.0,730.2089308838076,160.1862388328068,2
graph_coloring,6,False,0.2,2000,2000,0.0,900.2389387983537,170.1638283848578,0
graph_coloring,6,False,0.4,2000,2000,0.0,430.24673199197616,40.222809148136164,0
graph_coloring,6,False,0.5,2000,2000,0.0,200.24867722167247,40.22103303554444,0
graph_coloring,6,False,0.6,2000,2000,0.0,160.2316520025824,40.22902316451189,0
graph_coloring,6,False,0.7,2000,2000,0.0,200.26697725180105,40.21905929299686,0
graph_coloring,6,False,0.8,2000,2000,0.0,300.21954817179517,40.213381739907625,0
graph_coloring,6,False,0.9,2000,2000,0.0,240.25519677483106,30.233876200501907,0
graph_coloring,6,False,0.95,1999,2000,0.0,130.2250347032573,40.21514900026983,0
graph_coloring,6,False,0.98,2000,2000,0.0,170.2500035913125,50.22307323718192,0
graph_coloring,6,True,0.0,2000,2000,0.0,980.2407534505364,190.16375879840092,2
graph_coloring,6,True,0.2,23,2000,0.8432835820895522,50.22407367200172,50.22407367200172,1
graph_coloring,6,True,0.4,27,2000,0.8432835820895522,50.22407367200172,50.22407367200172,1
graph_coloring,6,True,0.5,32,2000,0.8432835820895522,50.22407367200172,50.22407367200172,1
graph_coloring,6,True,0.6,39,2000,0.8432835820895522,50.22407367200172,50.22407367200172,1
graph_coloring,6,True,0.7,50,2000,0.8395522388059702,50.22407367200172,50.22407367200172,1
graph_coloring,6,True,0.8,71,2000,0.8395522388059702,50.22407367200172,50.22407367200172,1
graph_coloring,6,True,0.9,127,2000,0.8246268656716418,50.22407367200172,50.22407367200172,1
graph_coloring,6,True,0.95,245,2000,0.7947761194029851,50.221650537836,50.221650537836,1
graph_coloring,6,True,0.98,605,2000,0.7947761194029851,50.221650537836,50.221650537836,1
graph_coloring,7,False,0.0,2000,2000,0.0,520.2104459869979,290.16776738810006,2
graph_coloring,7,False,0.2,2000,2000,0.0,780.2078773941334,180.19025632570228,2
graph_coloring,7,False,0.4,2000,2000,0.0,270.2243270397121,50.21822572763554,0
graph_coloring,7,False,0.5,2000,2000,0.0,170.20040488971344,50.207491632131564,0
graph_coloring,7,False,0.6,2000,2000,0.0,230.25602060974944,50.21612658655488,0
graph_coloring,7,False,0.7,2000,2000,0.0,170.22040024329505,50.20609975685611,0
graph_coloring,7,False,0.8,2000,2000,0.0,190.2206761723392,60.19334278845906,0
graph_coloring,7,False,0.9,2000,2000,0.0,200.2157024351036,60.20722550386528,0
graph_coloring,7,False,0.95,2000,2000,0.0,210.24288003242185,60.185677518241455,0
graph_coloring,7,False,0.98,1995,2000,0.0,130.2010069487822,50.23028743206372,0
graph_coloring,7,True,0.0,2000,2000,0.0,530.2079110119481,340.1852387793193,2
graph_coloring,7,True,0.2,2000,2000,0.6977611940298507,460.2439740661054,320.17809327178855,2
graph_coloring,7,True,0.4,25,2000,0.7574626865671642,50.21386367967898,50.21386367967898,1
graph_coloring,7,True,0.5,30,2000,0.8022388059701493,50.21386367967898,50.21386367967898,1
graph_coloring,7,True,0.6,36,2000,0.8134328358208955,50.21386367967898,50.21386367967898,1
graph_coloring,7,True,0.7,48,2000,0.8432835820895522,50.21386367967898,50.21386367967898,1
graph_coloring,7,True,0.8,71,2000,0.8432835820895522,50.21386367967898,50.21386367967898,1
graph_coloring,7,True,0.9,137,2000,0.8432835820895522,50.21386367967898,50.21386367967898,1
graph_coloring,7,True,0.95,268,2000,0.8432835820895522,50.21386367967898,50.21386367967898,1
graph_coloring,7,True,0.98,662,2000,0.8432835820895522,50.21386367967898,50.21386367967898,1
graph_coloring,8,False,0.0,2000,2000,0.0,540.1866008730644,150.17828145810105,2
graph_coloring,8,False,0.2,99,2000,0.37735849056603776,0.1940737574071982,0.1940737574071982,1
graph_coloring,8,False,0.4,194,2000,0.37735849056603776,0.1940737574071982,0.1940737574071982,1
graph_coloring,8,False,0.5,220,2000,0.32075471698113206,0.1940737574071982,0.1940737574071982,1
graph_coloring,8,False,0.6,443,2000,0.32075471698113206,0.1940737574071982,0.1940737574071982,1
graph_coloring,8,False,0.7,164,2000,0.32075471698113206,0.1940737574071982,0.1940737574071982,1
graph_coloring,8,False,0.8,211,2000,0.05188679245283019,0.1940737574071982,0.1940737574071982,1
graph_coloring,8,False,0.9,315,2000,0.0,0.1940737574071982,0.1940737574071982,1
graph_coloring,8,False,0.95,509,2000,0.0,0.1940737574071982,0.1940737574071982,1
graph_coloring,8,False,0.98,1999,2000,0.0,110.1892016017442,20.191219518611877,0
graph_coloring,8,True,0.0,2000,2000,0.7924528301886793,250.19431321860893,100.19525753556718,2
graph_coloring,8,True,0.2,27,2000,0.839622641509434,10.19084248448004,10.19084248448004,1
graph_coloring,8,True,0.4,26,2000,0.8679245283018868,10.191542998134182,10.191542998134182,1
graph_coloring,8,True,0.5,31,2000,0.8679245283018868,10.191542998134182,10.191542998134182,1
graph_coloring,8,True,0.6,23,2000,0.8301886792452831,20.202427985899156,20.202427985899156,1
graph_coloring,8,True,0.7,145,2000,0.7688679245283019,0.23023297180777097,0.23023297180777097,1
graph_coloring,8,True,0.8,47,2000,0.7641509433962265,0.21165286432363545,0.21165286432363545,1
graph_coloring,8,True,0.9,73,2000,0.7358490566037735,0.21165286432363545,0.21165286432363545,1
graph_coloring,8,True,0.95,125,2000,0.7216981132075472,0.21165286432363545,0.21165286432363545,1
graph_coloring,8,True,0.98,283,2000,0.6981132075471698,0.21165286432363545,0.21165286432363545,1
graph_coloring,9,False,0.0,2000,2000,0.0,880.2024766654832,440.20129679265915,2
graph_coloring,9,False,0.2,2000,2000,0.0,1270.238008633154,390.1738678365333,0
graph_coloring,9,False,0.4,2000,2000,0.0,290.22427013140674,60.26641156275515,0
graph_coloring,9,False,0.5,2000,2000,0.24503311258278146,90.24544105698324,60.2402052504485,0
graph_coloring,9,False,0.6,2000,2000,0.08278145695364239,100.26354702221705,60.222541079286195,0
graph_coloring,9,False,0.7,2000,2000,0.28807947019867547,120.24402048283935,60.222541079286195,0
graph_coloring,9,False,0.8,2000,2000,0.0033112582781456954,180.2527714482585,70.24085954219514,0
graph_coloring,9,False,0.9,2000,2000,0.0,190.22807099839991,60.262758608361665,0
graph_coloring,9,False,0.95,2000,2000,0.0,230.20501471576262,70.22039832517048,0
graph_coloring,9,False,0.98,1997,2000,0.0,170.200152053938,70.22039832517048,0
graph_coloring,9,True,0.0,2000,2000,0.0,1180.2337763486194,490.2196412669743,2
graph_coloring,9,True,0.2,2000,2000,0.9072847682119205,890.2475402559281,490.21887085876244,2
graph_coloring,9,True,0.4,2000,2000,0.8211920529801324,1220.2447866840191,460.20954674652205,2
graph_coloring,9,True,0.5,58,2000,0.9172185430463576,70.22860755775336,70.22860755775336,1
graph_coloring,9,True,0.6,28,2000,0.9172185430463576,70.22860755775336,70.22860755775336,1
graph_coloring,9,True,0.7,26,2000,0.9139072847682119,70.22852937379245,70.22852937379245,1
graph_coloring,9,True,0.8,28,2000,0.9105960264900662,70.24284865552167,70.24284865552167,1
graph_coloring,9,True,0.9,50,2000,0.9105960264900662,70.24284865552167,70.24284865552167,1
graph_coloring,9,True,0.95,92,2000,0.8973509933774835,70.24284865552167,70.24284865552167,1
graph_coloring,9,True,0.98,220,2000,0.8973509933774835,70.24284865552167,70.24284865552167,1
graph_coloring,10,False,0.0,2000,2000,0.0,600.1961757632444,130.17980635101554,2
graph_coloring,10,False,0.2,2000,2000,0.0,680.2158574125622,90.17828424711799,0
graph_coloring,10,False,0.4,2000,2000,0.0,360.2443644630426,30.208047894000845,0
graph_coloring,10,False,0.5,2000,2000,0.0,270.23960124499513,30.214531298401862,0
graph_coloring,10,False,0.6,2000,2000,0.0,110.20230403729217,30.20720158646619,0
graph_coloring,10,False,0.7,2000,2000,0.0,270.22328046818154,20.208168910559937,0
graph_coloring,10,False,0.8,2000,2000,0.0,60.20845538827956,30.212757358968453,0
graph_coloring,10,False,0.9,1994,2000,0.0,50.21155917466103,30.207399799219605,0
graph_coloring,10,False,0.95,1997,2000,0.0,180.18931370671086,30.207399799219605,0
graph_coloring,10,False,0.98,1998,2000,0.0,260.220075623793,30.230900216360656,0
graph_coloring,10,True,0.0,2000,2000,0.0,590.1930863313895,160.1771805184043,2
graph_coloring,10,True,0.2,2000,2000,0.8359375,140.23001950560882,60.18933594434165,2
graph_coloring,10,True,0.4,29,2000,0.84375,40.19943851585398,40.19943851585398,1
graph_coloring,10,True,0.5,33,2000,0.84375,40.19943851585398,40.19943851585398,1
graph_coloring,10,True,0.6,39,2000,0.84375,40.19943851585398,40.19943851585398,1
graph_coloring,10,True,0.7,132,2000,0.84375,40.19943851585398,40.19943851585398,1
graph_coloring,10,True,0.8,477,2000,0.84375,40.19943851585398,40.19943851585398,1
graph_coloring,10,True,0.9,777,2000,0.84375,40.19943851585398,40.19943851585398,1
graph_coloring,10,True,0.95,274,2000,0.84375,40.19943851585398,40.19943851585398,1
graph_coloring,10,True,0.98,665,2000,0.84375,40.19943851585398,40.19943851585398,1
graph_coloring,11,False,0.0,2000,2000,0.0,590.1427587331282,160.1615195746331,2
graph_coloring,11,False,0.2,2000,2000,0.0,220.17406279265202,50.1785452449597,0
graph_coloring,11,False,0.4,2000,2000,0.0,160.18786159250297,10.195967574872377,0
graph_coloring,11,False,0.5,2000,2000,0.0,130.18711893999628,10.195967574872377,0
graph_coloring,11,False,0.6,2000,2000,0.0,140.17578935769464,10.195967574872377,0
graph_coloring,11,False,0.7,2000,2000,0.0,150.15647756500113,10.195967574872377,0
graph_coloring,11,False,0.8,2000,2000,0.0,90.1747585068256,10.195967574872377,0
graph_coloring,11,False,0.9,2000,2000,0.0,190.21649139835196,10.195967574872377,0
graph_coloring,11,False,0.95,1999,2000,0.0,210.21992107001967,60.17004337322509,0
graph_coloring,11,False,0.98,1995,2000,0.0,120.1795593202232,60.16724729469975,0
graph_coloring,11,True,0.0,2000,2000,0.6935483870967742,640.2085357412382,190.17034909858396,2
graph_coloring,11,True,0.2,17,2000,0.7540322580645161,40.17615943962977,40.17615943962977,1
graph_coloring,11,True,0.4,22,2000,0.7540322580645161,40.17615943962977,40.17615943962977,1
graph_coloring,11,True,0.5,26,2000,0.7540322580645161,40.17615943962977,40.17615943962977,1
graph_coloring,11,True,0.6,32,2000,0.7540322580645161,40.17615943962977,40.17615943962977,1
graph_coloring,11,True,0.7,41,2000,0.7540322580645161,40.17615943962977,40.17615943962977,1
graph_coloring,11,True,0.8,62,2000,0.7540322580645161,40.17615943962977,40.17615943962977,1
graph_coloring,11,True,0.9,124,2000,0.7540322580645161,40.17615943962977,40.17615943962977,1
graph_coloring,11,True,0.95,250,2000,0.75,40.17615943962977,40.17615943962977,1
graph_coloring,11,True,0.98,641,2000,0.7419354838709677,40.17615943962977,40.17615943962977,1
graph_coloring,12,False,0.0,2000,2000,0.0,640.1915720415058,140.16162347507176,34
graph_coloring,12,False,0.2,169,2000,0.0,0.19674312041704012,0.19674312041704012,1
graph_coloring,12,False,0.4,164,2000,0.0,0.19674312041704012,0.19674312041704012,1
graph_coloring,12,False,0.5,183,2000,0.0,0.19674312041704012,0.19674312041704012,1
graph_coloring,12,False,0.6,126,2000,0.0,0.19674312041704012,0.19674312041704012,1
graph_coloring,12,False,0.7,499,2000,0.0,0.19674312041704012,0.19674312041704012,1
graph_coloring,12,False,0.8,1309,2000,0.0,0.19674312041704012,0.19674312041704012,1
graph_coloring,12,False,0.9,339,2000,0.0,0.2008815147766,0.2008815147766,1
graph_coloring,12,False,0.95,1999,2000,0.0,60.1777151922755,0.19674312041704012,0
graph_coloring,12,False,0.98,1999,2000,0.0,50.18394384476526,30.180271896452503,0
graph_coloring,12,True,0.0,2000,2000,0.7962962962962963,210.21152282784277,90.19926577231914,2
graph_coloring,12,True,0.2,2000,2000,0.7129629629629629,110.21009630243285,30.22353722148513,2
graph_coloring,12,True,0.4,76,2000,0.8240740740740741,0.2094911209103693,0.2094911209103693,1
graph_coloring,12,True,0.5,59,2000,0.8240740740740741,0.2094911209103693,0.2094911209103693,1
graph_coloring,12,True,0.6,116,2000,0.8240740740740741,0.2094911209103693,0.2094911209103693,1
graph_coloring,12,True,0.7,145,2000,0.8240740740740741,0.2094911209103693,0.2094911209103693,1
graph_coloring,12,True,0.8,220,2000,0.8240740740740741,0.2094911209103693,0.2094911209103693,1
graph_coloring,12,True,0.9,441,2000,0.8240740740740741,0.2094911209103693,0.2094911209103693,1
graph_coloring,12,True,0.95,884,2000,0.8240740740740741,0.2094911209103693,0.2094911209103693,1
graph_coloring,12,True,0.98,1799,2000,0.7916666666666666,10.209094105442999,0.21089351044283902,1
graph_coloring,13,False,0.0,2000,2000,0.0,450.20300688912306,190.19360414989066,2
graph_coloring,13,False,0.2,2000,2000,0.0,760.2198390119783,120.21735013982696,0
graph_coloring,13,False,0.4,2000,2000,0.0,70.23346799317649,20.208679646557847,0
graph_coloring,13,False,0.5,2000,2000,0.0,240.19656870741724,20.208679646557847,0
graph_coloring,13,False,0.6,2000,2000,0.0,80.21626335629533,20.19921744432635,0
graph_coloring,13,False,0.7,2000,2000,0.0,200.21785652828686,20.202742586641335,0
graph_coloring,13,False,0.8,2000,2000,0.0,180.2123356265268,20.208679646557847,0
graph_coloring,13,False,0.9,2000,2000,0.0,90.22057892728846,20.20710551749542,0
graph_coloring,13,False,0.95,1999,2000,0.0,90.19474323677936,30.20558584480396,0
graph_coloring,13,False,0.98,2000,2000,0.0,130.20975728743818,30.235270043743718,0
graph_coloring,13,True,0.0,2000,2000,0.0,780.2190490604054,260.1888950288434,2
graph_coloring,13,True,0.2,2000,2000,0.9017094017094017,90.22154277256193,70.22975654460332,2
graph_coloring,13,True,0.4,32,2000,0.8717948717948718,20.229935182260338,20.21338408818369,1
graph_coloring,13,True,0.5,45,2000,0.8717948717948718,20.229935182260338,20.212038287561978,1
graph_coloring,13,True,0.6,55,2000,0.8717948717948718,20.229935182260338,20.212038287561978,1
graph_coloring,13,True,0.7,72,2000,0.8717948717948718,20.229935182260338,20.208679646557847,1
graph_coloring,13,True,0.8,105,2000,0.8717948717948718,20.229935182260338,20.208679646557847,1
graph_coloring,13,True,0.9,208,2000,0.8717948717948718,20.229935182260338,20.20822798863072,1
graph_coloring,13,True,0.95,416,2000,0.8717948717948718,20.229935182260338,20.20822798863072,1
graph_coloring,13,True,0.98,1037,2000,0.8717948717948718,20.229935182260338,20.20822798863072,1
graph_coloring,14,False,0.0,2000,2000,0.0,560.1690000235349,220.12906615963783,2
graph_coloring,14,False,0.2,2000,2000,0.0,590.2106601320145,150.170737536877,0
graph_coloring,14,False,0.4,2000,2000,0.0,180.20851184357292,50.209020790687916,0
graph_coloring,14,False,0.5,2000,2000,0.0,110.1696299738878,30.21483351074504,0
graph_coloring,14,False,0.6,2000,2000,0.0,50.21442872613873,30.22449880269173,0
graph_coloring,14,False,0.7,2000,2000,0.0,200.19815040327012,50.187402864074016,0
graph_coloring,14,False,0.8,2000,2000,0.0,70.1972340269799,40.19770525835345,0
graph_coloring,14,False,0.9,2000,2000,0.0,250.25653391242162,40.19780265342529,0
graph_coloring,14,False,0.95,1999,2000,0.0,170.19130676721096,50.188854686659425,0
graph_coloring,14,False,0.98,1998,2000,0.0,100.19407441323351,70.17999314415655,0
graph_coloring,14,True,0.0,2000,2000,0.0,560.1690000235349,240.15833829060077,2
graph_coloring,14,True,0.2,2000,2000,0.8536585365853658,230.2153785459811,230.2153785459811,2
graph_coloring,14,True,0.4,349,2000,0.8617886178861789,30.222229010090192,30.200106315096086,1
graph_coloring,14,True,0.5,1562,2000,0.8495934959349594,30.222229010090192,30.200106315096086,1
graph_coloring,14,True,0.6,23,2000,0.8861788617886179,50.205356044944374,50.205356044944374,1
graph_coloring,14,True,0.7,1997,2000,0.8048780487804879,40.22087893082811,30.218986276643655,58
graph_coloring,14,True,0.8,1999,2000,0.8089430894308943,30.213313507011616,30.206352647364934,0
graph_coloring,14,True,0.9,1998,2000,0.8008130081300813,30.206352647364934,30.206352647364934,0
graph_coloring,14,True,0.95,1989,2000,0.8048780487804879,30.206352647364934,30.206352647364934,0
graph_coloring,14,True,0.98,1953,2000,0.8048780487804879,40.21145820235964,30.206352647364934,0
graph_coloring,15,False,0.0,2000,2000,0.0,780.2113689706944,260.1846851043716,2
graph_coloring,15,False,0.2,2000,2000,0.0,770.210047492273,180.2100929208802,0
graph_coloring,15,False,0.4,2000,2000,0.0,130.22199910321092,40.19744148760736,0
graph_coloring,15,False,0.5,2000,2000,0.0,70.2257415102108,30.216605408497767,0
graph_coloring,15,False,0.6,2000,2000,0.0,60.20905314960728,30.2079205007368,0
graph_coloring,15,False,0.7,2000,2000,0.0,180.22118917034854,30.2079205007368,0
graph_coloring,15,False,0.8,2000,2000,0.0,100.20526545570836,30.2079205007368,0
graph_coloring,15,False,0.9,2000,2000,0.0,180.20487588664125,30.20782219777265,0
graph_coloring,15,False,0.95,1999,2000,0.0,230.21246520495893,30.212664616067265,0
graph_coloring,15,False,0.98,1985,2000,0.0,40.21612330329943,30.216249348055392,0
graph_coloring,15,True,0.0,2000,2000,0.4330357142857143,570.2205279899349,320.1903915982487,2
graph_coloring,15,True,0.2,2000,2000,0.8080357142857143,330.2452439320058,310.2245597977299,2
graph_coloring,15,True,0.4,1464,2000,0.8392857142857143,20.24843336647156,20.23901540042379,1
graph_coloring,15,True,0.5,26,2000,0.9017857142857143,10.257164043087437,10.257164043087437,1
graph_coloring,15,True,0.6,36,2000,0.9017857142857143,10.257164043087437,10.257164043087437,1
graph_coloring,15,True,0.7,1999,2000,0.7767857142857143,30.235901392379787,20.22610622167997,0
graph_coloring,15,True,0.8,84,2000,0.8392857142857143,20.22828868672041,20.22828868672041,1
graph_coloring,15,True,0.9,2000,2000,0.7767857142857143,40.250062752202155,20.236498836003275,0
graph_coloring,15,True,0.95,1997,2000,0.7767857142857143,30.25302638933273,20.229877143520746,0
graph_coloring,15,True,0.98,1994,2000,0.7857142857142857,30.24559939281234,20.229877143520746,0
graph_coloring,16,False,0.0,2000,2000,0.0,660.2059124314256,470.2019775597989,2
graph_coloring,16,False,0.2,2000,2000,0.0,750.223299855267,400.1803841337413,0
graph_coloring,16,False,0.4,2000,2000,0.0,170.2350479037391,30.23091303019556,0
graph_coloring,16,False,0.5,2000,2000,0.0,240.23302548340374,20.237023395022106,0
graph_coloring,16,False,0.6,2000,2000,0.0,170.26013742533368,20.2400674768747,0
graph_coloring,16,False,0.7,2000,2000,0.0,160.2363943770378,20.22907365878127,0
graph_coloring,16,False,0.8,2000,2000,0.0,120.25242386957773,20.22907365878127,0
graph_coloring,16,False,0.9,2000,2000,0.0,160.22228375254545,30.22851602053836,0
graph_coloring,16,False,0.95,1998,2000,0.0,90.24031949856257,30.229630335531986,0
graph_coloring,16,False,0.98,2000,2000,0.0,160.22486324098313,50.21962294938084,0
graph_coloring,16,True,0.0,2000,2000,0.0,750.2142176593385,470.2026097414401,2
graph_coloring,16,True,0.2,2000,2000,0.7894736842105263,620.2375764931558,460.25232453946643,2
graph_coloring,16,True,0.4,27,2000,0.8345864661654135,40.24275457310023,40.24275457310023,1
graph_coloring,16,True,0.5,42,2000,0.8383458646616542,60.22447778307512,60.22447778307512,1
graph_coloring,16,True,0.6,59,2000,0.8233082706766918,60.22447778307512,60.22447778307512,1
graph_coloring,16,True,0.7,72,2000,0.7105263157894737,30.234317990417154,30.234317990417154,1
graph_coloring,16,True,0.8,82,2000,0.7105263157894737,30.234317990417154,30.234317990417154,1
graph_coloring,16,True,0.9,195,2000,0.7105263157894737,30.234317990417154,30.234317990417154,1
graph_coloring,16,True,0.95,140,2000,0.8984962406015038,60.2303680251014,60.2303680251014,1
graph_coloring,16,True,0.98,410,2000,0.868421052631579,60.23133387423095,60.23133387423095,1
graph_coloring,17,False,0.0,2000,2000,0.0,660.1793285969725,260.1772627255427,2
graph_coloring,17,False,0.2,2000,2000,0.0,650.2003003544903,190.19149815364563,2
graph_coloring,17,False,0.4,2000,2000,0.0,280.1998953435257,20.203639916127088,0
graph_coloring,17,False,0.5,2000,2000,0.0,220.1911247848346,30.194541170061967,0
graph_coloring,17,False,0.6,2000,2000,0.0,190.21988083289352,10.208216154593028,0
graph_coloring,17,False,0.7,2000,2000,0.0,190.18273246004105,10.208216154593028,0
graph_coloring,17,False,0.8,2000,2000,0.0,100.2104976662797,20.198909415019276,0
graph_coloring,17,False,0.9,1999,2000,0.0,180.1952085497472,20.198909415019276,0
graph_coloring,17,False,0.95,2000,2000,0.0,100.2041725326126,20.202883128779302,0
graph_coloring,17,False,0.98,1994,2000,0.0,130.19411037140253,20.202883128779302,0
graph_coloring,17,True,0.0,2000,2000,0.6140350877192983,560.2185599463846,340.19421766836285,2
graph_coloring,17,True,0.2,2000,2000,0.793859649122807,180.22406866453147,170.21336319363655,2
graph_coloring,17,True,0.4,22,2000,0.8991228070175439,10.20664464833654,10.20664464833654,1
graph_coloring,17,True,0.5,17,2000,0.8991228070175439,10.20664464833654,10.20664464833654,1
graph_coloring,17,True,0.6,12,2000,0.8991228070175439,10.20664464833654,10.20664464833654,1
graph_coloring,17,True,0.7,13,2000,0.8991228070175439,10.20664464833654,10.20664464833654,1
graph_coloring,17,True,0.8,17,2000,0.8991228070175439,10.20664464833654,10.20664464833654,1
graph_coloring,17,True,0.9,29,2000,0.8991228070175439,10.20664464833654,10.20664464833654,1
graph_coloring,17,True,0.95,54,2000,0.8991228070175439,10.20664464833654,10.20664464833654,1
graph_coloring,17,True,0.98,130,2000,0.8991228070175439,10.20664464833654,10.20664464833654,1
graph_coloring,18,False,0.0,2000,2000,0.0,730.172509931685,100.16576656177753,2
graph_coloring,18,False,0.2,2000,2000,0.0,480.1666334095604,100.15682148430479,0
graph_coloring,18,False,0.4,2000,2000,0.0,120.1855456866626,30.175586811227276,0
graph_coloring,18,False,0.5,2000,2000,0.0,130.16866404501135,40.16580548913742,0
graph_coloring,18,False,0.6,2000,2000,0.0,120.17190849314007,30.17985181158426,0
graph_coloring,18,False,0.7,2000,2000,0.0,130.1845753762504,30.17487772420017,0
graph_coloring,18,False,0.8,2000,2000,0.0,110.17803870878062,30.176513736232664,0
graph_coloring,18,False,0.9,2000,2000,0.0,80.1792889082298,30.17934110789947,0
graph_coloring,18,False,0.95,2000,2000,0.0,40.17726358669287,40.17054480211798,0
graph_coloring,18,False,0.98,1994,2000,0.0,90.18398861053095,50.17373009324463,0
graph_coloring,18,True,0.0,2000,2000,0.47345132743362833,350.1890270348345,140.1732961342765,2
graph_coloring,18,True,0.2,2000,2000,0.7566371681415929,220.19588955201914,110.16548104971496,2
graph_coloring,18,True,0.4,2000,2000,0.8495575221238938,30.2027116756171,20.193117969369826,12
graph_coloring,18,True,0.5,2000,2000,0.8141592920353983,20.205884053817428,20.20119353536724,0
graph_coloring,18,True,0.6,1996,2000,0.831858407079646,20.210536937974812,20.20119353536724,0
graph_coloring,18,True,0.7,2000,2000,0.8185840707964602,30.201347964824986,20.20119353536724,0
graph_coloring,18,True,0.8,1999,2000,0.7566371681415929,50.21255315548012,20.20119353536724,0
graph_coloring,18,True,0.9,2000,2000,0.8141592920353983,40.21314264833544,20.193117969369826,0
graph_coloring,18,True,0.95,1986,2000,0.8185840707964602,20.210536937974812,20.193117969369826,0
graph_coloring,18,True,0.98,1994,2000,0.8053097345132744,20.212631944650653,20.193117969369826,0
graph_coloring,19,False,0.0,2000,2000,0.0,510.1711509343301,120.16277582626898,2
graph_coloring,19,False,0.2,2000,2000,0.0,80.17867830478733,20.169904141033133,0
graph_coloring,19,False,0.4,2000,2000,0.0,80.17006417828635,10.195402010895913,0
graph_coloring,19,False,0.5,2000,2000,0.0,140.19743019656127,20.168901267518425,0
graph_coloring,19,False,0.6,2000,2000,0.0,50.16663082059381,10.194281642746441,0
graph_coloring,19,False,0.7,2000,2000,0.0,100.21253622621981,20.16887008673868,0
graph_coloring,19,False,0.8,2000,2000,0.0,130.21269230196293,10.194281642746441,0
graph_coloring,19,False,0.9,2000,2000,0.0,80.18486156137403,20.176480034795084,0
graph_coloring,19,False,0.95,2000,2000,0.0,130.19509136128337,20.169822531046883,0
graph_coloring,19,False,0.98,1998,2000,0.0,40.17521782143321,20.176173150634078,0
graph_coloring,19,True,0.0,2000,2000,0.536697247706422,300.19994262913394,160.19430611776562,2
graph_coloring,19,True,0.2,2000,2000,0.6926605504587156,270.206892350926,140.18619834666998,2
graph_coloring,19,True,0.4,48,2000,0.8165137614678899,10.199294431175153,10.199294431175153,1
graph_coloring,19,True,0.5,75,2000,0.8165137614678899,10.199294431175153,10.199294431175153,1
graph_coloring,19,True,0.6,102,2000,0.8165137614678899,10.199294431175153,10.199294431175153,1
graph_coloring,19,True,0.7,1985,2000,0.6559633027522935,20.190577807838135,20.190577807838135,0
graph_coloring,19,True,0.8,69,2000,0.8165137614678899,10.199294431175153,10.199294431175153,1
graph_coloring,19,True,0.9,2000,2000,0.6651376146788991,40.18298562568115,30.16825503279398,0
graph_coloring,19,True,0.95,1992,2000,0.6651376146788991,40.169386945769524,30.16825503279398,0
graph_coloring,19,True,0.98,1980,2000,0.6651376146788991,40.169386945769524,30.16825503279398,0
